run,task_id,seed,cv,result_dir,Dcyt,PLK1a_frac,kcatCPC,KmCPC,kbind,KdpH3,kcisCPC,KdNDC80TTK,phiNDC80,KdNDC80pTTK,kcisTTK,kcatTTK,KmTTK,TTKa_frac,KdSgo1,kcatPLK1,KmPLK1,KdpH2ASgo1,KdH3,alpha,Da,kcatH2AH3,I_arms,I_cent,CPC_copiespc,NDC80_copiespc,KNL1_copiespc,BUB1_copiespc,SGO1_copiespc,TTK_copiespc,HASPIN_copiespc,PLK1_copiespc,nucleosome_acces,kcatH3,kcatCPCsub,KmCPCsub,kppCPC,kcatTTKsub,kmTTKsub,CPCa_frac,alpha_kt,Da_kt,KmH2AH3,kpp_ref,kcatplk1,Kmplk1,kppKT_ref,KmH3
0,0,972462,0.1,/sfs/gpfs/tardis/home/aca9pw/VCell_Analysis/3c_run_pyvcell/workspace/ensemble_run0_brcd972462,1.2905268324009544,0.0920473284222863,0.0195569440032333,84.5106497244926,0.2040224486359173,0.0877154892207401,1.0905087565840661e-07,6.835887380968783,0.1022682948496176,0.2199245957176766,4.473934652526769e-05,1.4446308615923442,60.73505862850824,0.0978580879266684,0.0491273587619113,12.296735366661997,75.56042085486831,0.1097829636216606,0.3315427133244475,0.548455972235024,0.0010271799397686,1.5106291715833349,0.6879476139359092,0.0927177779534707,349035.52843011694,325546.51266623294,171700.9971952324,356138.0145205019,461512.63460688415,132520.75438993113,108535.59697362703,1527732.2357153113,0.1383910691526681,0.4355513787369107,0.7564614521792153,23.64731086738605,0.0005984993799433,0.0408376150896143,23.717976286854917,0.5188044658172171,0.5726102646906556,0.0009264399181656,12.63943715981369,0.0105226536760116,1.0099569728219553,75.75942425400054,0.010731824347027,2.5268075316579317
1,0,527152,0.1,/sfs/gpfs/tardis/home/aca9pw/VCell_Analysis/3c_run_pyvcell/workspace/ensemble_run1_brcd527152,0.8769960725332563,0.0844214850184822,0.017305796580436,79.8391516848998,0.1887482099427276,0.0794347021581819,9.254731719344607e-08,7.357350796489938,0.0874681425423706,0.198393213040786,4.871083240491207e-05,1.5106371846185385,50.6827279386445,0.1151664718153065,0.0505253237120174,12.827535972590605,79.32789195164041,0.1154629893195361,0.3427751911026242,0.5213226075430465,0.0011478889395687,1.7401679018113074,0.695713702916982,0.1142623739730272,361904.9226171885,274585.6677214648,153395.0924613448,313535.02939394064,462514.96304785495,160434.16868309813,100400.07970293428,1326962.543342319,0.1484054943674202,0.3834615082822695,0.701682778499363,24.41498505505381,0.0007207446346465,0.0380457299593483,19.909853285081223,0.7193732326505277,0.4951289112650234,0.0009496512980612,10.282320887970627,0.0116824758630535,1.499651424311406,78.27265775583933,0.009075520706329,2.1656093441551123
2,0,283399,0.1,/sfs/gpfs/tardis/home/aca9pw/VCell_Analysis/3c_run_pyvcell/workspace/ensemble_run2_brcd283399,1.2376155826382684,0.1176745375011181,0.0183425364835801,75.982249656069,0.2246047232747601,0.0904954519579217,9.474496137054221e-08,7.867997591291642,0.1094647975538678,0.2123375909757108,4.8357798500927554e-05,1.6991164335273432,56.55084382528692,0.1050305210527235,0.0519905406461116,11.81767124656591,75.70769413364668,0.0938996097017761,0.3810022443789461,0.5098612317255942,0.0009124537899067,1.9869492348277629,0.5146535648130894,0.08211587992157,359359.01874329767,293682.6074225593,159285.4622264091,294536.2499366664,416596.0423875106,141318.42132291815,107743.43079762351,1380727.1810647282,0.1594967783067932,0.4898034414238637,0.62526062446359,21.78360659077903,0.000697198771673,0.0291284349183534,17.87855603573237,0.5789912744824259,0.518703512295976,0.0011180821902186,11.275685530489918,0.0104179344044814,1.220136517394505,62.80249607758035,0.0104999964764298,2.282894271398248
3,0,315389,0.1,/sfs/gpfs/tardis/home/aca9pw/VCell_Analysis/3c_run_pyvcell/workspace/ensemble_run3_brcd315389,1.1607239986769662,0.1083888827854286,0.0216753933451372,78.92203399983951,0.2103737785008141,0.0914743119981363,9.505624004958533e-08,7.81681803968041,0.1081117681493225,0.2261479201196589,4.648639037891312e-05,1.7914940732673332,60.333760269157416,0.092700010236775,0.0509221248084345,12.063842613369602,74.3632383850402,0.0885717305472695,0.4422471572556868,0.4961829269763055,0.0011313438710654,1.7284241241582257,0.6209442172591214,0.1021220227818517,537456.2302995725,282786.49243854504,144876.3944363585,408893.4606481564,602312.7585679599,122178.73325048602,94506.5801867385,1521857.428175151,0.1621315379590846,0.5218839819889904,0.7197469596503894,19.7834807367001,0.0006445128808525,0.0420139694547619,19.236298853897846,0.7398060885587873,0.4662010230588598,0.0009432126042524,10.307820105771984,0.0091858618026072,1.2932402356217478,71.20673925504565,0.0099452720813802,3.1028151895514133
4,0,70705,0.1,/sfs/gpfs/tardis/home/aca9pw/VCell_Analysis/3c_run_pyvcell/workspace/ensemble_run4_brcd70705,0.8854938293726009,0.076438332396564,0.0207952255205883,80.95019139756516,0.2302582300451094,0.100907932230399,1.2548849352355613e-07,9.294879183250552,0.1088881386864958,0.2492254764247175,3.9730000403353485e-05,1.3389945241094825,54.90652794272562,0.0882840589495825,0.05852671739858,10.355563010040472,85.38213138997178,0.1090371847685642,0.4009357784915226,0.4125659534224521,0.00100919123155,1.5194182332587396,0.5717786131316507,0.0907157690806741,347252.0159357581,288501.96309827315,152634.7915768281,319474.03805521573,393893.2822487793,125985.76246364636,108458.5146305588,1675012.0161061715,0.1751226103191913,0.4791532165169225,0.6648309034170614,23.904420281064404,0.0005496404991887,0.0343670897593849,19.06050209162829,0.5540212971545972,0.4425764114077292,0.0010432926366675,9.602481923946607,0.0113001033459866,1.5740509795995117,78.8800088295556,0.0096988332119709,2.3559191895271163
5,0,843441,0.1,/sfs/gpfs/tardis/home/aca9pw/VCell_Analysis/3c_run_pyvcell/workspace/ensemble_run5_brcd843441,0.9037669077524336,0.0973810994987045,0.0190524473226464,76.60805663516734,0.2101948367329141,0.1003108319307054,1.095533522995901e-07,8.9239632266453,0.0955003770404435,0.1508222788626508,5.545107025049683e-05,1.8131684616149653,55.79902146345498,0.0929898902463167,0.0558040721419719,13.30501043308158,72.30011954348232,0.107467715075069,0.3743304962220541,0.4658151161454212,0.0009910612976215,1.4660512920221576,0.6883823068313433,0.101532707854069,325639.4679621143,263593.9201291694,128692.84399364475,337835.5487990385,464206.5392183377,152970.98148570533,108436.4246214028,1256935.3718759113,0.1282504367439277,0.5114882301359724,0.6851453480665679,24.26542223340051,0.0006239030432436,0.035738443700615,17.253545029285473,0.5642571830810018,0.6140531135163629,0.0010447210522651,9.98715806347318,0.0103875415156124,1.4597767548852596,74.826331398769,0.0111910553270204,2.593980791529487
6,0,289931,0.1,/sfs/gpfs/tardis/home/aca9pw/VCell_Analysis/3c_run_pyvcell/workspace/ensemble_run6_brcd289931,1.0365301232468351,0.0785720965771888,0.02477364084874,80.12561645643565,0.2141911995441533,0.100369024174685,1.1985262677956754e-07,8.908865706298236,0.0894204984356808,0.1939495054287143,5.416020084438383e-05,1.7655609725840415,52.20267344051832,0.1135344262062069,0.062595817156445,11.50478410110508,71.34654094134164,0.1042193367418874,0.4120807810162385,0.4886159031523988,0.0009722307009124,1.5142168110801917,0.62060131824045,0.1075670270709142,415192.2881196641,298742.4579510793,165457.52465151434,331179.2616854181,473688.389495839,132949.85561244818,114529.5012847666,1423915.0302150312,0.1346416788292337,0.4424767769856854,0.683635445448914,20.60359095043725,0.0007259208523623,0.037338441775142,20.437138003123987,0.6006465811516706,0.4627010615388651,0.0010457830858926,13.718802077146218,0.0085956082017751,1.4461493052612795,78.32246331965625,0.0104732116045089,2.662124416841077
7,0,648342,0.1,/sfs/gpfs/tardis/home/aca9pw/VCell_Analysis/3c_run_pyvcell/workspace/ensemble_run7_brcd648342,0.9545823721029748,0.1162837572039637,0.0193779908109931,72.3869797157486,0.1826262424362255,0.0894626288390905,1.0617989660156843e-07,9.267478688143312,0.0945306598902091,0.1848833125729854,5.8913957223547934e-05,1.440258927038293,48.14057317626582,0.0920925134637011,0.0524706171106103,10.851157615896732,85.34951990755607,0.1032512570318629,0.382465196449402,0.4532981871021658,0.0010479607021337,1.7273987782935083,0.7088794688928823,0.0832015599725841,405434.5897264263,293140.5905903308,158720.61219183498,330634.80412158347,433679.2339869844,126458.96650863734,101010.0471890637,1254182.2836839063,0.1538444363150731,0.4020970896391146,0.8244805978438519,27.364099566463004,0.0006056476652627,0.0285034711366031,23.530435229817183,0.5358168767827767,0.4390043100888804,0.0011327392708726,11.603086350955362,0.0091021057869558,1.4585008127089245,97.2457838897741,0.010519583275302,2.389850683045469
8,0,640082,0.1,/sfs/gpfs/tardis/home/aca9pw/VCell_Analysis/3c_run_pyvcell/workspace/ensemble_run8_brcd640082,1.1820776919010665,0.1014697481018458,0.0214325111864277,103.32716971931288,0.2247479926718224,0.0710401665706076,1.1465548781636557e-07,10.2042409840977,0.0966134979246861,0.2057839354800111,5.501984842802643e-05,1.5787870380985218,48.46026800263337,0.0960989140701069,0.0510594394554662,12.162010501659053,74.60958151354396,0.1079018545106795,0.3958666064382273,0.5015378602091382,0.000876096257561,1.681843847882137,0.6114136122325328,0.0993250036711056,363713.9768391232,250888.64934488115,147571.90454411195,344094.51260924846,480204.6086783839,149769.32309195126,104264.55211609937,1298460.3125448902,0.1682115021366476,0.4643145547978312,0.6647619548386705,21.487773441773196,0.0005977148094012,0.0345920250111235,22.39342727426724,0.6002804047561684,0.4989260218274639,0.0008689070785348,10.28668929224786,0.0094676148845508,1.3228686402108083,80.0395986880512,0.0105922750872298,2.6188315822128367
9,0,642946,0.1,/sfs/gpfs/tardis/home/aca9pw/VCell_Analysis/3c_run_pyvcell/workspace/ensemble_run9_brcd642946,0.9280294978956832,0.1031166153885844,0.0200622587696357,79.31669156976396,0.192381584417133,0.0878002221907306,1.0319229023116126e-07,7.913446785522324,0.1040311079633334,0.2036790817586073,5.024789007131162e-05,1.6267168342998777,51.40451913182904,0.0809357933344416,0.0577135468634926,12.30978418999179,95.21006964478735,0.0968036322156358,0.3657986585897731,0.4785174933239208,0.0010547228293753,1.9597388388507768,0.6033422342789143,0.091264330004936,433051.4919941059,309133.6517400859,153968.2345228804,383757.70404191647,519735.8889256616,147546.7899972997,110186.26031966109,1202075.9634446118,0.1712245409857943,0.4099505953845528,0.6690755444088575,23.837364373827363,0.0007845865335027,0.0307118222925519,15.772162493129338,0.5986519640293994,0.5075643968236451,0.0009478672755887,12.314473991132289,0.0090211493231825,1.5038744611559802,79.2369898925346,0.0095284829028383,2.5358324822616063
10,1,832807,0.1,/sfs/gpfs/tardis/home/aca9pw/VCell_Analysis/3c_run_pyvcell/workspace/ensemble_run10_brcd832807,0.9788689314738938,0.1023659405860857,0.0196230267055638,90.99277741475602,0.2025792650366492,0.0945510990696581,8.902919436989763e-08,10.33495054521593,0.097410414064839,0.2083685742891507,5.224670900144664e-05,1.4664648678156982,52.57777521716171,0.0971300525558256,0.0582580507941787,11.14363875340048,80.54961045774705,0.0977172944867677,0.3453754159516438,0.4882303715273084,0.0010484300143525,1.844047913516606,0.6516452106217108,0.1054497860915803,443421.4963653904,290040.92334680434,171182.5711586758,388204.00498251495,511510.50187648187,168945.55842267358,111007.0813767362,1539087.7057195574,0.1865236082313333,0.5084425790669586,0.5960848189808924,20.57873560681464,0.0006189846909443,0.0355387151558947,16.297246838271054,0.6886005309412916,0.47253335821427,0.0009848458810818,10.962483851554628,0.0105463501438269,1.4548435819416692,87.62264708539891,0.0095818950671674,2.8593856068357586
11,1,563069,0.1,/sfs/gpfs/tardis/home/aca9pw/VCell_Analysis/3c_run_pyvcell/workspace/ensemble_run11_brcd563069,1.0188990197894792,0.0971753477784611,0.0220326838188381,91.58947221166724,0.1999820119554487,0.089593947301156,9.62524723798883e-08,8.259273627034124,0.1013825021776322,0.2238669152998923,5.155445139351599e-05,1.5367510675861094,64.90919815633548,0.1148370422331419,0.0528406678947188,11.903500081313592,77.3451557024376,0.094694869740739,0.3461697533696534,0.5636812068267681,0.0010383397347342,1.5028716714915578,0.6437577641962082,0.0993434608822333,343770.7951697983,261568.9088597792,136445.01279585104,345160.25768882537,445491.1268993376,141446.0426040113,89206.25217552445,1505266.1252631282,0.133748908984405,0.5184863389903701,0.6413769170129017,25.001451565253813,0.0007193528196626,0.0333444912074866,22.002378596190717,0.689344981081309,0.4819841736456542,0.0010545342145497,10.337808065258235,0.0083512954887658,1.680913921936718,68.01992744794866,0.0092533883768761,2.8432534325269536
12,1,68372,0.1,/sfs/gpfs/tardis/home/aca9pw/VCell_Analysis/3c_run_pyvcell/workspace/ensemble_run12_brcd68372,0.9484407406243018,0.0918350600869422,0.0203338500854307,67.43486074894544,0.2060066794181241,0.100249543214049,8.466247757433658e-08,9.363834562076605,0.1076515357061681,0.2464952942764137,5.322921009931956e-05,1.691659997037446,56.426693989867545,0.0961357182140349,0.0513930977349416,12.892228186800727,86.56121925868091,0.1016256998129276,0.3484753822437933,0.5234271356154769,0.0010024001103017,1.8769030536854432,0.510964150101365,0.0980888614164605,399076.7242731162,253833.11887980715,157368.65836834043,317980.858243614,448247.29395492346,142596.30062846988,107850.43078864744,1093505.8105431688,0.1641255762742651,0.4358543710859375,0.6233131573644651,18.586658097951236,0.0006724051736404,0.0298375397173024,21.12947923451075,0.5805352183884879,0.5166567505306772,0.0010004160384848,12.208038070142512,0.010198869016913,1.3312730415841467,76.34067587253847,0.0105036733195598,2.3363359281288103
13,1,655448,0.1,/sfs/gpfs/tardis/home/aca9pw/VCell_Analysis/3c_run_pyvcell/workspace/ensemble_run13_brcd655448,0.8258546551848259,0.1083275251340058,0.0193773050493149,81.31957260562204,0.2157486643084364,0.0994571165919709,9.611695203352589e-08,8.118688633742526,0.1191752907615238,0.1815355678998423,5.531259584349635e-05,1.627091725860144,52.89552160120041,0.1064458758626721,0.0520266156745672,11.900979305813472,77.35076066873853,0.1041967492627432,0.3731846822904102,0.4466002551222385,0.0008085776354145,1.8138309993115984,0.6832182756097658,0.0972675296898244,361331.4204091428,295547.3588611928,125466.8885788898,284144.00173542235,585535.972241016,151424.27174221972,98084.085272707,1255554.5121317408,0.155317256365817,0.4882343200259487,0.8698224511519589,22.42267235953297,0.0006531349321913,0.0387568539483065,17.557348999157544,0.5271818231381858,0.4617943453415801,0.0008909481370182,9.86061841296558,0.0094150519029491,1.1824202058594933,71.4829082941737,0.0089913991004122,2.2757846682452665
14,1,328380,0.1,/sfs/gpfs/tardis/home/aca9pw/VCell_Analysis/3c_run_pyvcell/workspace/ensemble_run14_brcd328380,0.8904844866841013,0.1058506250435594,0.0181450349687664,74.1772820190182,0.1977406382410913,0.0879139260253938,9.350387494792036e-08,9.527464899451896,0.1027352553517618,0.2338613520169595,4.93901184664418e-05,1.4524427950881016,56.15726105912426,0.1191705280869044,0.0535145068124006,12.873899172302004,69.2143674512641,0.0973532677215465,0.3977849441919678,0.5007185486767766,0.0007848252194839,1.7916708275989386,0.5110900379379507,0.1081143694012824,445369.4988392921,315436.8503740372,144219.26567803457,316433.5201073945,497279.0228025345,155748.2356677889,108351.072109667,1401968.986866713,0.1534615945999139,0.3854769414924082,0.6760079480980957,23.671560014789407,0.0006033990710349,0.0348440897729416,18.551281267504766,0.6222437706652305,0.4953157616326686,0.0010147503151729,9.314466396390864,0.0117348787681407,1.388037402400113,61.20359210742723,0.0111051296940628,2.1166110133757785
15,1,341306,0.1,/sfs/gpfs/tardis/home/aca9pw/VCell_Analysis/3c_run_pyvcell/workspace/ensemble_run15_brcd341306,0.99167137323391,0.0999691056585723,0.0246538497961366,94.76110852718124,0.2447668716911785,0.0889961217102756,1.033227025132361e-07,8.983831881241896,0.1077500879465786,0.2197002677522922,4.1896596240504906e-05,1.712269712303831,55.7391243513004,0.0967669296217205,0.051505588359828,11.371256123040386,80.70979664669339,0.106630053728464,0.4070259805163753,0.4770698478730577,0.0011561797399546,1.5236811823291831,0.5811084174039244,0.0991393657760228,380605.3060072346,269293.0103584826,163552.91902834948,322250.31976688094,516264.23500280455,131795.0588490633,96517.13399436355,1480911.8557501123,0.1581891127521706,0.4951042874568903,0.7448374528617683,20.033873953094798,0.000577668905469,0.034153979834231,22.67731667289511,0.5535112794645526,0.5068623245095364,0.0010332158155407,10.243569418428288,0.0097768849010803,1.6958665819895202,70.78085884491665,0.0122013619646618,2.1779991594111068
16,1,387007,0.1,/sfs/gpfs/tardis/home/aca9pw/VCell_Analysis/3c_run_pyvcell/workspace/ensemble_run16_brcd387007,0.9467965551791924,0.0919988119388367,0.0207695151596483,102.8747655534832,0.2214344787875328,0.1009777398569467,1.0392185749670943e-07,8.528313096021714,0.1027487017392859,0.1884296849422254,5.112117439009218e-05,1.4882942287738463,60.40339117991327,0.1013179466563311,0.0520632610315774,12.663943385706467,74.89479344325925,0.0841073453381671,0.402000646775662,0.5224199215217187,0.0009325705561243,1.6093503501149151,0.6229742794708152,0.1012742004571601,344906.7890341734,310229.2338969407,167490.72596024265,365844.6852760417,395676.4116447148,156091.76349709416,114412.4076144516,1605043.3557088298,0.1413556890299297,0.4715074154274993,0.7766666126744199,20.54343270154093,0.0006374637285437,0.0300714546630061,23.074551202165477,0.6200658172523669,0.5102809472164973,0.0012454098537252,10.042194473632966,0.0099802838732233,1.514965346830774,70.4587030986486,0.0098900571063618,2.2463167795319268
17,1,37398,0.1,/sfs/gpfs/tardis/home/aca9pw/VCell_Analysis/3c_run_pyvcell/workspace/ensemble_run17_brcd37398,0.9289874344361092,0.0874671105276096,0.0195123441414032,90.39252935219749,0.1922316094942543,0.0741621477040994,9.809305718322077e-08,9.066315712566366,0.0852766357892595,0.2457194798174767,4.44275610839915e-05,1.6721929714699186,58.20215380210497,0.100576331531063,0.0509958085583517,11.444227904519549,71.95216247149284,0.1056906750275898,0.392366398693191,0.3754848958109362,0.0009973791648384,1.7912770942640734,0.6655077000876058,0.1011455902026185,391245.7304760933,304968.5328990238,157379.9718276021,355309.40791763784,429631.68988759816,143650.1086506916,89281.81533940489,1328669.709676057,0.1514905183213784,0.432688395876635,0.669165394823896,22.589436635412323,0.0005634827550031,0.0322457907787266,23.21706127368946,0.5301692633331577,0.517325194058643,0.0009974368109896,10.921221372533823,0.0110037435555497,1.73584647340147,78.3159835819345,0.0115320031204646,2.3459178294864667
18,1,604803,0.1,/sfs/gpfs/tardis/home/aca9pw/VCell_Analysis/3c_run_pyvcell/workspace/ensemble_run18_brcd604803,0.9985408380186488,0.1019038378334519,0.0200724561727979,97.97932920660328,0.2011027957990971,0.098419243847161,1.1084246923892656e-07,8.604592765883393,0.1033858073186558,0.254714737769986,5.067182378072482e-05,1.6911710949900218,65.30672702758076,0.0808124608159361,0.0529838032609165,12.19087456136768,65.67052047290686,0.0888401884665067,0.3869068904713602,0.4859060684746382,0.0010305003853105,1.5759621843561296,0.5969705442146263,0.1055594886770381,363855.9710310293,272818.74778836896,167570.79477627392,290285.060148162,471672.7810333655,134252.52818915073,107456.30701737052,1357595.4876926593,0.1358154456725184,0.3826636324602181,0.632855193680855,24.325243995765387,0.0006130366229467,0.0356923689360285,19.00124072637209,0.5833338322357655,0.5380632856866097,0.0009164364349955,11.158728779699851,0.0096964146664195,1.4263624585811638,73.66024361938693,0.0099345659297776,2.422073766047527
19,1,729193,0.1,/sfs/gpfs/tardis/home/aca9pw/VCell_Analysis/3c_run_pyvcell/workspace/ensemble_run19_brcd729193,1.1183921449250431,0.1105184772605488,0.0174422808968482,70.88562532888612,0.2019352713528906,0.0856036855048342,1.0809428778854386e-07,9.512089529924618,0.0952433942204543,0.1906077284355711,5.014925570482437e-05,1.4386162212569755,66.378196940346,0.0943362390596381,0.0505742186031223,13.783798599496846,75.41505115550513,0.0981216886969047,0.2935414154314382,0.4728940712598624,0.0010601682901702,1.5305284168506634,0.5785226459319489,0.1032859462559595,374072.30368414713,327913.55212556134,145534.92757154992,319235.7011536274,568242.7384047939,152600.25639423216,101332.36173872916,1425083.2429683616,0.1249555606765459,0.477100152003268,0.6751775220242321,24.003644264203007,0.0006010278624607,0.0300831526297073,19.076512961704942,0.5532492256010267,0.4777005273720848,0.0010050616841074,9.13916179615663,0.0107679915437147,1.568950205498839,77.73861495411393,0.0093058554906862,2.5396766877998247
20,2,669790,0.1,/sfs/gpfs/tardis/home/aca9pw/VCell_Analysis/3c_run_pyvcell/workspace/ensemble_run20_brcd669790,1.0015310739927552,0.1009387655019656,0.0218560813821778,82.45515290648858,0.2111764345737805,0.0962949788115281,9.592609606428453e-08,8.570570988056602,0.1176993385688258,0.1665789330304863,5.466968437858352e-05,1.5304530447255411,47.81546834042569,0.0874210885749495,0.040844755201745,13.461313720792834,72.58338942344122,0.1174945516036971,0.3998565121721369,0.4769067106427584,0.0008538458123399,1.8521535653869712,0.4954482870753005,0.1082569626139268,360118.5917141804,286086.0034766005,134148.29628241627,321055.8829679926,537540.5590981678,140226.74299002983,102435.13787615168,1655875.5520042111,0.1524879303044999,0.4379875408779091,0.7513517938016725,20.8379936935499,0.00065090064644,0.0326938234604236,18.799585783639465,0.557019169011584,0.6979858468111628,0.0010622387155356,9.701558764773562,0.0108087195928265,1.300284353660568,63.90815648719288,0.0115503222090799,2.342387248723073
21,2,468746,0.1,/sfs/gpfs/tardis/home/aca9pw/VCell_Analysis/3c_run_pyvcell/workspace/ensemble_run21_brcd468746,1.0595426984272855,0.0998906412016917,0.0207199653703658,90.60883517859396,0.1831485582970536,0.1028857542914797,8.759095274982226e-08,8.465828053674567,0.08914600599369,0.1650789500199637,5.4687319414034366e-05,1.5939270532208094,59.04436187356632,0.0878598804481036,0.0474443833191171,12.645709826576976,88.30732944567919,0.0948775499198208,0.4445559946421875,0.4872997484989831,0.0009365277403711,1.6156809924466022,0.6135503524599714,0.1137130352378207,352036.6252808454,321381.79928967165,150672.6995976586,313906.9309007049,491652.6136431895,170746.80037301907,91270.48064476084,1377945.0384958708,0.1625229837063182,0.4169126242780685,0.686569717316141,23.547753358091715,0.0007455680153365,0.033331293558123,20.270681836896056,0.5752285230848438,0.4623587795505324,0.0010360093125438,9.802182879685724,0.0106311572085594,1.5972787101204986,79.5518480434751,0.0110537855528698,2.2899636613171928
22,2,353757,0.1,/sfs/gpfs/tardis/home/aca9pw/VCell_Analysis/3c_run_pyvcell/workspace/ensemble_run22_brcd353757,0.992657712066312,0.1099047343767939,0.0184945076308292,82.28047370298164,0.2374447259903089,0.0997591484300755,1.0845108840993925e-07,8.418800219746688,0.112734815644558,0.2103651604791606,4.4911500764993705e-05,1.5536804994611086,50.9346025386693,0.1038075963480242,0.0544728942724916,12.429375282814668,87.55020084649196,0.10103887981594,0.3329981121376579,0.5461087344104382,0.0008794672663959,1.8632653822960985,0.5459991480832733,0.1025882290517605,403369.2029208734,279906.35871092434,145357.7447591368,309913.34422459704,456429.11800605146,161826.46068355153,113386.7797362454,1319510.7570596426,0.1373172247332902,0.3990067142471464,0.6597043617203284,22.797470303344127,0.0005631545737568,0.0382179152807638,21.063968946978704,0.5643608004455429,0.5557058664200825,0.0009380138929286,11.23263527109398,0.0090730517319589,1.4129375347497994,81.62452821633566,0.0104448365226903,2.0216673865826915
23,2,760866,0.1,/sfs/gpfs/tardis/home/aca9pw/VCell_Analysis/3c_run_pyvcell/workspace/ensemble_run23_brcd760866,0.9201502478210936,0.0931686448165707,0.0223748972118517,78.31347670417951,0.2276430753456279,0.0968742778625549,1.0174068667318357e-07,7.459811701102145,0.0977352363448532,0.1949668249900079,4.868659214036493e-05,1.3552623271764053,45.900513012663104,0.0867602541436554,0.0542484665994151,11.80318551741032,69.93026277549087,0.0987578360638312,0.3827815630943709,0.4935601036830416,0.0009804689142292,2.02060411559821,0.5916688629245624,0.1136542693815239,415024.2718314086,313666.41660296865,138829.65400348906,376846.5214826246,534465.3411427707,133088.1646239455,98149.8007320198,1171277.572166012,0.1423591350333178,0.3830676208056024,0.7233388101038312,20.648704487103824,0.0006634395291218,0.0408539907069855,20.5053514128488,0.7043860274115651,0.4673868082588922,0.0009276717401499,11.69500379706676,0.0103746676760807,1.5503160846275577,76.10626166790371,0.0081767789856273,2.541490295975994
24,2,517954,0.1,/sfs/gpfs/tardis/home/aca9pw/VCell_Analysis/3c_run_pyvcell/workspace/ensemble_run24_brcd517954,0.8295836408458,0.0908815862507095,0.0214538633641442,77.19880738133871,0.2167087011907884,0.0956236961961172,1.3065111571794281e-07,8.137420097816486,0.1052727309508597,0.2114222180296641,4.74521919758651e-05,1.6262976171647057,43.57818547177185,0.0870084810056913,0.0582598420063774,13.717961689999118,71.5288436995838,0.0903416688046174,0.4503778664494341,0.4579246761882417,0.0010134585926749,1.9616885341567865,0.4607427257602711,0.1059309832952659,428634.5570392712,318286.5437236408,129241.59943094366,394471.45201901125,470385.8333731173,186545.540909128,114772.73901084952,1252013.414985655,0.1447649405436441,0.4096861357469448,0.7545916829591011,23.02719531212692,0.0006020145936853,0.0375321744530119,16.983252810768764,0.4978692189745138,0.3976125351765055,0.0009641047606259,11.623175921021533,0.0093793864549111,1.6221527210122555,65.63242167915759,0.0098296738323187,2.1181011634293267
25,2,302187,0.1,/sfs/gpfs/tardis/home/aca9pw/VCell_Analysis/3c_run_pyvcell/workspace/ensemble_run25_brcd302187,0.9775652252051208,0.1092045753948277,0.0228907273763152,94.11384053192752,0.1781833333947057,0.089291254627473,9.825663057654253e-08,7.969439105651145,0.1009147124532325,0.2603174587639602,4.725398447196841e-05,1.582697636266585,52.1163261351185,0.0969122357255489,0.0524303875421067,11.69478381669645,76.4050606717084,0.1007579280209648,0.3374285325153586,0.5382178664155737,0.0009664309075034,1.7124784875110677,0.69322014254112,0.0899103163678673,488483.9719671148,318685.9368307037,143687.47445171318,318108.4970795984,494046.3390670006,137552.30914903557,98558.6783330098,1281798.7282251902,0.1706497925186519,0.5086668708928376,0.6600513911764436,20.461124939876235,0.0006551544290052,0.034518217650787,20.38025399328621,0.5569335198206964,0.5094760632281292,0.0010467554526434,10.497788721655214,0.0101292249298648,1.520386764844491,80.61072857082718,0.0106269125949654,2.9506927659228337
26,2,753423,0.1,/sfs/gpfs/tardis/home/aca9pw/VCell_Analysis/3c_run_pyvcell/workspace/ensemble_run26_brcd753423,0.983665763812781,0.1067263828029015,0.0228466359789157,88.15740876057052,0.2099784778037452,0.0911041536818673,1.2758668314081545e-07,11.10057011186166,0.1020250892679806,0.2280396678237578,4.937133732600086e-05,1.2383444908603345,58.54984382214308,0.083942266718793,0.0561739207120634,11.179901498027702,74.22928822673421,0.1005823810392607,0.4062027959482965,0.5221060600991871,0.0011421434688439,1.808736396888719,0.5826357849643262,0.0939456638058179,427316.2587948007,279840.311596219,157513.03622947898,362587.1875626292,461272.3228735064,167197.71214607274,112047.25045800404,1185598.937595352,0.1643973596266559,0.4772668952777409,0.6682212615606197,20.62430738751678,0.0005660632068724,0.0411499587375572,21.4551695845745,0.6628341000661383,0.5632937747543216,0.0009812939751154,10.32415378247233,0.0095569844212357,1.473428614660165,81.33150083892009,0.0090809923923352,2.3706565547682072
27,2,5163,0.1,/sfs/gpfs/tardis/home/aca9pw/VCell_Analysis/3c_run_pyvcell/workspace/ensemble_run27_brcd5163,1.055154208861664,0.1085220596956376,0.0193555151518984,87.13557433703029,0.196387894858751,0.089056062605223,9.990187718077838e-08,9.203875593830066,0.098763187380537,0.1788223033683774,4.925666551327419e-05,1.5734541100277453,52.84108746844049,0.1081867329917096,0.0581673690568933,12.689542798944988,69.24670700703037,0.1031337526486838,0.4297072298192503,0.4734827939839571,0.0011386587770132,1.649280332186127,0.5697830217996883,0.1059246918062598,482989.3735084408,319430.96535370743,159458.22758127548,318618.82947425864,519324.0592549446,144768.7069598308,102602.29540727132,1411016.9945548049,0.1605107609142755,0.4815477128346613,0.7026780444628545,20.770913879864885,0.0006039923325646,0.038778425472093,19.10876952582437,0.586842419490329,0.5121581165888582,0.0010327827341334,10.881294701943528,0.0100054656213175,1.6605987183535214,83.53260193388921,0.0096733660694163,2.508126611556826
28,2,554232,0.1,/sfs/gpfs/tardis/home/aca9pw/VCell_Analysis/3c_run_pyvcell/workspace/ensemble_run28_brcd554232,1.021089740183786,0.0981637547909111,0.0167548749220793,78.51576804010284,0.2001522644855156,0.0867944473443155,1.0264440820713949e-07,7.584727738261463,0.1052953567910173,0.1884544910652571,5.264645211640982e-05,1.37672565428451,53.54580841335122,0.0992249691479868,0.0527085824488806,12.58479048980244,80.10332059030466,0.1030642942180006,0.4181498654291821,0.502112109426494,0.0010353282055969,1.498276983790106,0.6461572985557776,0.1129295294774236,413012.5380467544,341071.288880979,149964.82010738392,316993.23578030325,507067.0237287449,140252.18631640176,111505.86355544478,1208790.7794314306,0.1500523939123308,0.3912271103312184,0.726262065188238,18.96382312596252,0.0006054853568186,0.0329690090770283,18.99062639541308,0.5154994792167441,0.4903056559418526,0.0010911734294147,10.638158429898912,0.0100489254337831,1.407776333598797,75.83687744812082,0.0098079753965192,2.83481906246457
29,2,125525,0.1,/sfs/gpfs/tardis/home/aca9pw/VCell_Analysis/3c_run_pyvcell/workspace/ensemble_run29_brcd125525,0.931882837382847,0.1124453524842519,0.0250621915700606,76.69762157595147,0.2321152753223775,0.0857997048509399,1.067192811214516e-07,7.964514630170871,0.1058551114148627,0.2133092104072488,5.1336272992682e-05,1.826427884852068,56.38267224042184,0.1027779459583017,0.0487741854389336,12.899973281435985,88.27613107255146,0.1091370560921805,0.4169813348478692,0.4616531995155757,0.001044446872386,1.7199727983973965,0.5337591457641309,0.0982404725295004,417891.70368629065,332865.8513573127,150878.80452725978,319494.9017565036,469647.97095740895,163262.59255288582,111603.46066930416,1262964.4919918303,0.1536634331008881,0.4287538460980759,0.7661960585485481,21.870632393305048,0.000642755337672,0.0340226021912471,17.12764722675523,0.6347723425286032,0.4165562799545926,0.0013040301495685,10.86300818988766,0.0088475086506126,1.453493478330934,79.8560679899146,0.0107524822822646,2.0149762369352358
30,3,604802,0.1,/sfs/gpfs/tardis/home/aca9pw/VCell_Analysis/3c_run_pyvcell/workspace/ensemble_run30_brcd604802,0.9852737214093648,0.1022305454862731,0.0176698119592064,88.54134582946217,0.2112393198262157,0.1002949845500141,1.1169065714803603e-07,8.148403250788864,0.1177614276112543,0.2109781756542947,5.7105675865264704e-05,1.5892325729331631,52.86358797055731,0.0948728389811193,0.0452726678335192,12.100132806721502,71.16132471508621,0.0865086255452993,0.3919866742666196,0.4916823434022908,0.0010991626672788,1.7974649931445237,0.6142637821673332,0.1073931375936311,455137.2436094529,295948.36808224616,166996.82038939107,293829.120199129,507230.65514659067,163371.3973531464,99683.60122247136,1215899.1844002812,0.1320444720816339,0.4500156140474868,0.6649481460223122,20.763215608513097,0.0005792582179959,0.0360219011722107,17.017667080051947,0.5628275262300875,0.5655412557224887,0.0009240932723058,11.274558423767498,0.0098546695307462,1.4920035823396305,69.77433445922813,0.0094923677423688,2.643002714119417
31,3,871852,0.1,/sfs/gpfs/tardis/home/aca9pw/VCell_Analysis/3c_run_pyvcell/workspace/ensemble_run31_brcd871852,0.9660628070497896,0.1220071430396704,0.0258251835691409,85.73166425534833,0.2393937222210367,0.0972442915846888,1.011200658503812e-07,7.20159159773112,0.100985643321122,0.1665025567087004,5.069732994305548e-05,1.542032577338397,59.24013944816505,0.1043958713156141,0.0487509581549116,12.282855044798689,75.05094123565871,0.0979364384198429,0.3735661666833853,0.555139968248201,0.0009817278126006,1.859319602357134,0.6020105044050947,0.0816078213520268,362902.619174526,299471.71855753975,147932.98997051083,290942.4587135943,460656.2288993213,163012.39505090172,127170.93858797876,1310373.891540782,0.1402247265739044,0.3832973239696537,0.8028466683339316,17.712661321899915,0.000616044295651,0.030657055382018,20.28356377264559,0.5832053461063149,0.4278078290756106,0.0010194876851537,11.127908584173086,0.0093117518838046,1.5491971337834125,72.34771997649328,0.010546475349369,2.4448697432631463
32,3,520896,0.1,/sfs/gpfs/tardis/home/aca9pw/VCell_Analysis/3c_run_pyvcell/workspace/ensemble_run32_brcd520896,0.9449911516553352,0.0980376072091599,0.0179220219559769,80.47556430686983,0.1914353626626772,0.0977429619773696,1.097723443534319e-07,8.294656390293214,0.107281694371859,0.2446763824109733,5.3370475131619465e-05,1.4981719394797393,61.057360744622684,0.0950782862650317,0.0523868283656421,12.213956509977208,88.20335589594423,0.1073932915606692,0.3674106405148903,0.4886282242612156,0.0008641206468419,1.992408371216693,0.608975536063438,0.1060723010754189,325982.9987197304,267867.3253934333,155930.9571085132,272825.15364627255,483173.7433581299,162566.65289222987,116331.58877053316,1284223.0673181256,0.1882404817012817,0.4390715661795322,0.5889589605670952,21.63316254198809,0.0005945863765754,0.0326794571955083,18.42784815031367,0.6223310985296439,0.5571394839282513,0.0009016292619977,11.444721772496912,0.0100676094658293,1.320675751647816,70.17089117649456,0.0105445043082063,2.34970483593532
33,3,586195,0.1,/sfs/gpfs/tardis/home/aca9pw/VCell_Analysis/3c_run_pyvcell/workspace/ensemble_run33_brcd586195,1.0359054606549765,0.1126931718832091,0.0192841685295922,79.77889059736289,0.2176398677513443,0.0967825613910771,1.0770311964893463e-07,8.60491216677575,0.0988608004085719,0.2217810107579692,4.7445967135158793e-05,1.874623789405417,57.52985541035875,0.1128221491724237,0.0658386622616231,10.42717673305446,85.45382622520022,0.098340049357369,0.4197336434186251,0.4559460585288691,0.0010236918630728,1.6128899873504363,0.629568065904331,0.0931273454011967,385785.7819689957,279717.55230215844,158819.2192544638,323747.6923707089,516725.9158816357,156515.32839065674,117844.62856809844,1459864.243944684,0.1407283800725747,0.5071412838428894,0.8371929356193545,27.70455221495085,0.0007423621395242,0.0381306603643596,21.767899025655428,0.5791857626357062,0.470696415991913,0.0009404452747324,11.4444099649466,0.0095141664986922,1.394508882153718,74.6727864174456,0.0104990878938563,2.4115340845482267
34,3,784783,0.1,/sfs/gpfs/tardis/home/aca9pw/VCell_Analysis/3c_run_pyvcell/workspace/ensemble_run34_brcd784783,1.069347014695302,0.091914672819863,0.0184894294132792,83.78471510217625,0.2175250966965777,0.0899491528279086,9.390679598367317e-08,7.536510792097755,0.1044796292785518,0.172318040642124,4.77544332786105e-05,1.8048279377367085,52.74206730124582,0.1080618587619649,0.0517875497219995,12.269020288611731,65.4618122343965,0.1051862985286413,0.3783848675278114,0.4923400423900987,0.0009739064248229,1.8075917991437151,0.6318529464387816,0.0978683970829738,372760.91273190576,272341.376917935,133102.81027936036,299484.1676059004,489166.1835750925,173198.4566126847,115161.6778005112,1452548.3580733582,0.1279839027514734,0.4229881413490003,0.5530887792293001,25.6091985690678,0.0005881483498106,0.0287049927269856,20.26170671229733,0.5499314079989164,0.5100026146863778,0.0010744712471388,10.35603864687602,0.0111588451644024,1.515034130520722,80.80694045072826,0.0095961943400392,2.390673385418916
35,3,690044,0.1,/sfs/gpfs/tardis/home/aca9pw/VCell_Analysis/3c_run_pyvcell/workspace/ensemble_run35_brcd690044,0.9037983133147824,0.0932329614289291,0.0179949543679021,93.04945534012046,0.212504350739494,0.093774692066378,1.057801326517466e-07,8.316422227236071,0.0942759952445075,0.2109278608228857,4.85103554092436e-05,1.6457932108392506,69.24926345934757,0.0982396523103884,0.0547277680441292,13.49289506280478,81.41487211270133,0.0841664510773499,0.4063291872891171,0.5736326633471786,0.0010394245466032,1.577839559564933,0.6316167519980335,0.0885949898484456,494429.5784460887,300423.14516742824,167081.02904039933,325268.6994827006,555512.0226860708,145557.7941285609,108491.4555457102,1558986.6987745422,0.1428085328029902,0.4460539535601422,0.7057587255786013,19.967421017905625,0.0006367696702322,0.0379772943987145,15.991508351312422,0.5235889396063865,0.4942365797997129,0.0010981500120484,9.297790668820802,0.0121095862487003,1.4464981618959745,70.87914360296541,0.0122300531365026,2.318242875008848
36,3,919874,0.1,/sfs/gpfs/tardis/home/aca9pw/VCell_Analysis/3c_run_pyvcell/workspace/ensemble_run36_brcd919874,0.981607500519904,0.121021371429352,0.021596665130547,92.76461073837504,0.2474410200461494,0.0962153476942429,1.0249125398072757e-07,8.546736592601295,0.117787079988263,0.2563663101667143,5.544283342618079e-05,1.632763948640207,57.29461550672716,0.085151604450101,0.0553431372827267,12.098673316094564,91.00018808624634,0.095794671919214,0.4126950733241428,0.4676056270800222,0.001068752587774,1.624590347741235,0.68226198909891,0.097607497049304,418821.5140044885,285481.806794174,176917.86971161977,326128.8146684265,445186.9132218853,132856.57820784414,103203.02128149688,1182850.2027800416,0.1456453047765916,0.4998819492811203,0.6885727789004559,24.270200562120408,0.0006121673752955,0.0332595496429989,19.14224856616533,0.5547101379023374,0.486220665869911,0.0009903022954541,10.981972175470547,0.0080896418412801,1.2651349710002455,75.91518607378748,0.0095129779360198,2.7114429501939368
37,3,777565,0.1,/sfs/gpfs/tardis/home/aca9pw/VCell_Analysis/3c_run_pyvcell/workspace/ensemble_run37_brcd777565,1.0106180577353117,0.1027472606506351,0.0195843408315058,89.95539332216548,0.2161272620267237,0.0946273710571318,9.901646674349405e-08,8.006759254267568,0.0891251047958593,0.1956958781195251,5.0802900380615584e-05,1.4753595864987057,61.58908244945902,0.1179951818999551,0.0472371635856587,13.787757205177249,87.84460781615152,0.0998554097354703,0.3689414806224965,0.4991986172394033,0.0012237458858087,1.5109686159227544,0.6516178063987274,0.087471454422138,322623.96049143723,272633.9651189932,139305.02192884442,270136.3566043276,447846.219927164,143235.7578478873,109427.8412016715,1156449.5285114413,0.1630031641270654,0.4891965976481202,0.7413319511878563,20.41115104586901,0.0006640297602405,0.0276752908793965,15.331051536552478,0.5213961444011643,0.4152683629532246,0.0009824421306568,11.4961045457712,0.0089558069351808,1.4230731206579632,95.3895296074878,0.010393901437456,2.4695650377915657
38,3,724666,0.1,/sfs/gpfs/tardis/home/aca9pw/VCell_Analysis/3c_run_pyvcell/workspace/ensemble_run38_brcd724666,1.0722824037911332,0.1016984632062468,0.0255787560063228,90.87837165463648,0.1962556314724006,0.1134136043562748,1.213733589335556e-07,9.171378438073138,0.098173075272535,0.2039117764636453,5.864959421489721e-05,2.10028677834455,50.851701798921326,0.1248071008846587,0.0644243923278791,11.326481211831668,71.74961823615787,0.1076130810213663,0.3419834865636045,0.5529826843056567,0.0010525160778904,1.7662509608916397,0.6287703966831324,0.1208772861868015,423618.8596722507,306584.48373286193,129154.2187845794,328789.048668645,435365.0910147327,123538.81148158152,108396.09425112772,1405124.2710174157,0.1488834068898857,0.4251831343792445,0.7578534978627343,21.26818466944358,0.0007265157070876,0.0323790310447158,17.57980344917465,0.4836112681901364,0.583015109511878,0.0008964364188264,10.407325988112314,0.0114736999608882,1.4138520385992437,65.61497186075574,0.0109707390352712,2.3344447795263874
39,3,433363,0.1,/sfs/gpfs/tardis/home/aca9pw/VCell_Analysis/3c_run_pyvcell/workspace/ensemble_run39_brcd433363,1.032232544340291,0.0915732899837034,0.0194349698063826,90.11808659299552,0.2176813956225356,0.0947850756769051,9.37636211829716e-08,8.408883426877996,0.1131515065334053,0.2097042657953294,4.231677142543616e-05,1.5593413011865451,55.09376796555463,0.0894083015662629,0.057256439378668,11.218613025683688,79.21720171726257,0.1046856552892362,0.4527693266517504,0.5057964707355272,0.0010139229680566,1.9751831724896345,0.6859684141685549,0.1055818014145639,487336.6030117675,304051.79117357574,153753.12996563088,312586.76851874986,577017.2263384653,154582.7315880872,105333.8347984911,1017962.663549447,0.1348857068401348,0.4272264416019263,0.7042922827773325,22.17984659344852,0.00061382216942,0.0352936876246499,20.45796051522571,0.5740327568771899,0.552375145837358,0.001029292222146,13.166494922742904,0.0091551235064512,1.5527669483879611,77.3858181255346,0.0090003120417561,2.3022822842371498
40,4,708684,0.1,/sfs/gpfs/tardis/home/aca9pw/VCell_Analysis/3c_run_pyvcell/workspace/ensemble_run40_brcd708684,0.9260848898150796,0.1231463404498535,0.0211685213631121,92.83258316338508,0.2391410236988948,0.1026577623229304,1.0132250477658016e-07,7.320890067463181,0.0897463544373165,0.2097091233905364,4.498333256160448e-05,1.704466201470065,49.49518647493034,0.11109677571185,0.0630320497184623,11.908243972527504,74.13256447298599,0.1157923185615729,0.3867174670179653,0.4050279489661162,0.0010172382819431,1.8980551234364744,0.6770425688900696,0.0905853377870451,380193.9591702448,323931.1721740456,161756.24258978307,282506.5819953284,420596.4407155215,147687.18545000372,90322.341891661,1267458.3921243297,0.1609325367273821,0.4038391991196629,0.6019451352823737,22.658906313238283,0.0006648246298328,0.0317349114486758,16.50488203357559,0.5910559535033268,0.4179141173051311,0.0011101913398414,10.935216906310025,0.0103103355467567,1.4912558249497767,76.41779996819909,0.0089764894966355,2.608156112397205
41,4,19878,0.1,/sfs/gpfs/tardis/home/aca9pw/VCell_Analysis/3c_run_pyvcell/workspace/ensemble_run41_brcd19878,1.0642750953587563,0.1083376482696526,0.0195240667067816,87.09096380818148,0.2304861579406032,0.0952228107114456,1.0602504853793567e-07,8.97559225792041,0.0911879480514209,0.1903152859119922,5.66076604889904e-05,1.4392422041207131,63.68862034838812,0.1029252951911442,0.0529081195872901,12.646918033362208,80.18301786699772,0.1042036973173916,0.3733550852343483,0.4500498101859687,0.0009283219094218,1.6904028796304358,0.6558048595065655,0.093783957929898,416982.8857569813,266740.07437798113,161098.46053279284,317278.61219770496,461831.2703499849,150547.7834255278,107695.9409170394,1738950.1932107722,0.1399795648229911,0.4060719522074026,0.8159572243193257,20.017616316141133,0.0007117409778285,0.0312404360815302,18.252021997075623,0.5850382834026264,0.5457969691151797,0.0009468080106178,10.816351617185187,0.0087816679883148,1.6648971523191385,67.81446951271909,0.0092238955130248,2.085879207740145
42,4,801243,0.1,/sfs/gpfs/tardis/home/aca9pw/VCell_Analysis/3c_run_pyvcell/workspace/ensemble_run42_brcd801243,0.9988424643429484,0.1027108390957177,0.0188085457112964,83.75342402655106,0.2349712197806656,0.082560956879715,1.1710033789118257e-07,8.183679494007842,0.0972383955682565,0.1944744430904132,5.065224867298541e-05,1.5729114667277255,57.99271035864186,0.1005741956299444,0.0487263576794733,14.148869048310583,65.819983650736,0.0953587166327089,0.3507580892405558,0.4082860370273508,0.0009531280234454,1.630315722598691,0.5788073249448066,0.0859548754191915,481185.9765473185,318411.5053098877,136752.60240421214,330663.91765181866,496982.0174400037,171806.2645120938,112550.04690913625,1173222.3895234764,0.1545747714243329,0.5211642445221137,0.5609786873036259,19.092909621940823,0.0006113708092147,0.0379460971969436,20.84756235134874,0.6841926382222161,0.6046161498589455,0.0012042929653835,10.33259029596694,0.0123156506703561,1.6995636609879008,71.74236018376871,0.0088509011308064,2.620473929894204
43,4,557795,0.1,/sfs/gpfs/tardis/home/aca9pw/VCell_Analysis/3c_run_pyvcell/workspace/ensemble_run43_brcd557795,1.0577588858638434,0.098325308656604,0.0221737313964221,73.33672936203604,0.226652484333308,0.0932355304204658,8.877971072156149e-08,9.418317345599243,0.0993047399051721,0.2126453607931923,5.020199241498008e-05,2.1960681583803874,52.928349067145575,0.0989303953021661,0.0472234773537284,12.33745294054608,80.41080840295027,0.1214036400121774,0.4174761764415531,0.4910039295618858,0.0010032854437768,1.8661643176046452,0.6956475517234695,0.105572527504798,406827.6506606813,316996.8427275472,115633.77760197235,289049.39424386545,521746.7384774323,154945.8912509882,107218.46323652095,1235564.5901964202,0.1388678654720841,0.4179359536674591,0.7367663939054362,22.161838521827608,0.0006219005417153,0.0357864676961258,15.623636779922968,0.6592959986492156,0.4436323492875018,0.0009774984082652,11.257338719718051,0.0085232379091534,1.623151734591474,68.93651698804932,0.0114674937148034,2.73620664052127
44,4,460434,0.1,/sfs/gpfs/tardis/home/aca9pw/VCell_Analysis/3c_run_pyvcell/workspace/ensemble_run44_brcd460434,0.8743388316886875,0.0978714021321832,0.0169017267405659,97.29066705807712,0.2155921058542259,0.0852548709110972,1.1458556480337053e-07,9.075938015849449,0.1114303294574507,0.1919028024638887,4.9021869778008166e-05,1.5042741684147316,57.40682252852453,0.1049698107525438,0.0517819727107448,12.01900452235246,84.23507017511362,0.1067166435809189,0.4024683394325151,0.4657246138907343,0.0010649698666591,1.7160024216549643,0.6071115514978147,0.0977382043307867,379554.656749376,308999.64735334885,154221.9434536009,337578.2872207078,565881.4439617225,153195.8997718368,92175.59487236913,1081123.7262218583,0.1498049657891584,0.5211224550847834,0.6734092465872308,25.10453078920234,0.0005606160857213,0.031906126328116,18.7429658411322,0.6167283741533981,0.446265607768686,0.0008347524349262,12.16516548426061,0.0110333706289732,1.1594038349310885,71.66526546043696,0.0093593528505484,2.765383958945707
45,4,270689,0.1,/sfs/gpfs/tardis/home/aca9pw/VCell_Analysis/3c_run_pyvcell/workspace/ensemble_run45_brcd270689,1.012542756820143,0.1108324147678881,0.0212365322188857,91.80273651568903,0.1747834844310649,0.0915825814162504,1.020592438733493e-07,9.039337209657155,0.1025082012165416,0.1859798741152472,4.807867973570461e-05,1.65860220103086,60.426349944940334,0.0884305301565429,0.0519269295979303,10.526171425274566,83.57202363627769,0.0910227397549576,0.3454263233653604,0.48535484579665,0.000922546209732,1.4367656988116324,0.6023614039861299,0.0971858556456157,405710.7882132081,288775.3433270371,140946.01436438007,301265.20921741234,437476.5717680859,152288.31896941806,115539.85268400965,1163761.9795301354,0.1554717536167744,0.4143168581924553,0.603106335484142,18.595980107740324,0.000649271871759,0.0316908911332777,20.079063242443723,0.6906943442300977,0.5472133750518636,0.0009366064720405,8.458208369505739,0.0117629672271963,1.7921250274918767,77.4591984046433,0.0102493266142691,2.3899154684144497
46,4,295145,0.1,/sfs/gpfs/tardis/home/aca9pw/VCell_Analysis/3c_run_pyvcell/workspace/ensemble_run46_brcd295145,1.1818692030300102,0.101866447740006,0.0221314087986388,88.77034903908596,0.2282601196012464,0.0869346361498713,1.0496595099759813e-07,9.562864338411082,0.0817234144685994,0.2199886020947309,4.960192991429326e-05,1.6691977154130078,46.22014426807037,0.1164451349459071,0.0480820649756988,10.754803876011714,79.98805020188948,0.1005065989422488,0.3802943902213467,0.477223453605237,0.0008766918334012,1.7001652410667318,0.6960143002576932,0.0936013829199558,412486.5926905825,308714.43007897906,155969.25158801806,313043.2857213092,498195.5792073118,143706.98865640536,98304.25802180902,1484184.3060897116,0.1501320947073081,0.473997453021647,0.6524779373385611,22.246891645470672,0.0006616899951947,0.0330995989368901,17.526025012826214,0.6251532093162169,0.5111028088831514,0.0010268877459032,12.115617445059929,0.0101870120115925,1.5134326573266397,76.85758275539905,0.0111829620985823,2.319374840111205
47,4,87731,0.1,/sfs/gpfs/tardis/home/aca9pw/VCell_Analysis/3c_run_pyvcell/workspace/ensemble_run47_brcd87731,1.0730090075214085,0.0981304731139389,0.0211228328713483,76.87044486663764,0.1808992079606296,0.095556818212274,1.1318389815320674e-07,9.899774177990247,0.0924475054106053,0.1870908312669124,5.0100422640595865e-05,1.6892475746833169,49.07154122141408,0.1030651490801275,0.0562852806282199,11.905020617479405,66.84209358116507,0.1021271229702254,0.4510987822320217,0.4635225794522568,0.0008443546976343,1.4687047074720423,0.5562214696186529,0.1004976677531087,456907.8050872545,278081.7701790084,171817.70500279323,318119.092602002,497315.4697187626,148955.61810996482,88145.60632420398,1329605.2234679651,0.1618949555713482,0.3969630456583948,0.6614963617020709,20.40796074098916,0.0006147684198699,0.0355945557301393,19.08820453334233,0.5668926434438462,0.4781018488951989,0.0009039097924999,10.366199563219224,0.010882820293499,1.4817963459764776,73.83140230726556,0.0101891487408559,2.606314146842477
48,4,759627,0.1,/sfs/gpfs/tardis/home/aca9pw/VCell_Analysis/3c_run_pyvcell/workspace/ensemble_run48_brcd759627,1.0520851251049996,0.0995025674158031,0.0254064909696187,82.0647751693659,0.2037875494987304,0.086395231608099,1.2836442219872006e-07,7.808997693559295,0.0987382230591414,0.2275095151998845,5.3294770172161325e-05,1.613923561665933,48.516514569432914,0.1064140422089508,0.0484785827649838,11.588305057646895,78.52034485946429,0.0771866045193281,0.3583485595246345,0.5876853975243427,0.0008648453382212,1.7151477702161686,0.4151534834125739,0.1122787627816925,342036.5903069987,295133.75538846385,132907.0931586785,307589.28064417635,416049.978885576,170938.97039465376,107013.74920103938,1200932.1252326905,0.1477438138074529,0.4276101375025029,0.7118942044206474,23.768013379647037,0.0004864378657693,0.037012200380997,17.922340035235564,0.6069553645820253,0.4248379616323149,0.0010437916050502,10.633525119405308,0.0108328523252846,1.4649250794840736,74.32961866049384,0.0090929024353981,2.327362089440592
49,4,967303,0.1,/sfs/gpfs/tardis/home/aca9pw/VCell_Analysis/3c_run_pyvcell/workspace/ensemble_run49_brcd967303,1.098189201396225,0.1048249265102075,0.0202793358710526,69.20959948795564,0.2140265697265599,0.0880993547008262,9.357224084146747e-08,8.311743213138753,0.120105851651402,0.1932040590176182,3.848365128122359e-05,1.466078932206335,48.65919723421573,0.0990190279634345,0.0580641239734676,13.928760556088609,76.78144741740445,0.0928635189304613,0.4015948781276173,0.4899596008250833,0.0009682711424026,1.9167102275671388,0.6261421035389735,0.1100068393161083,364287.79469342506,265099.2893308364,152205.53266370387,339573.82001590653,476789.87691562285,134015.4305129583,104749.34621727532,1445507.7478398476,0.1501305844886543,0.4340798594524427,0.6930607291519619,22.456438440784208,0.0006105837871083,0.0380170808593149,18.27662233632461,0.6275712775647805,0.5908167990717881,0.0010143293750858,9.404712083788576,0.0086304938783754,1.690972617563395,72.10469280120785,0.011307845514327,2.2231552896702897
50,5,351010,0.1,/sfs/gpfs/tardis/home/aca9pw/VCell_Analysis/3c_run_pyvcell/workspace/ensemble_run50_brcd351010,1.0232516958191409,0.0961269858698847,0.0229970308012295,84.8643744769694,0.1941831467983501,0.0917690257977647,1.2653321925182497e-07,8.91242543432617,0.0992618574399077,0.2005280247467996,5.566417249750687e-05,1.5359373039793494,51.66321641619521,0.0886150598875706,0.0530952875868244,13.515090698434452,85.20454012283767,0.0914305132544947,0.3118183185072573,0.5615750420364516,0.0008050016514115,1.883964320856058,0.5788849948488162,0.1057895842366961,394697.30623074505,285142.7790421748,152965.94701153043,335643.2478205436,494891.7064995429,156010.91143791363,120824.80854689116,1114150.5357707085,0.163526966633319,0.4778806895177078,0.6756508084464304,22.49413646165017,0.0006495198620644,0.0371555109533247,20.073300866262358,0.5486157762133986,0.4529011036924473,0.0009716907373208,10.36283948224836,0.0093678931505857,1.2473316679019604,80.5568623696582,0.0096073109431541,2.577256775132833
51,5,684786,0.1,/sfs/gpfs/tardis/home/aca9pw/VCell_Analysis/3c_run_pyvcell/workspace/ensemble_run51_brcd684786,1.1220416890413143,0.108500735774665,0.0183043378597467,68.57093928620439,0.1923311415956816,0.0946590614141608,1.0907177435039453e-07,9.384236551662855,0.0938210863461989,0.211791061156177,5.188134234549561e-05,1.6227047433953832,51.10369525098768,0.1147874116220842,0.0526872362213664,10.0825103002563,75.60811822803588,0.0876467831318176,0.3726605613949397,0.557893604131601,0.001062983531722,1.5208549586969695,0.59359838343179,0.1016541969846702,346379.5856584738,289985.4776835017,148891.35844872374,335318.85488784226,543254.5896446767,114892.09902452044,124163.75594537827,1205024.276936542,0.164593504091704,0.4277275152799425,0.6910846755929309,22.22036506801457,0.000638922574287,0.0304644199212871,16.783394721506433,0.681604135460266,0.47207893743737,0.0008986262889492,9.99424695398496,0.0092176883334385,1.3991351064017867,85.45954010259614,0.0108712267656718,2.490455977050634
52,5,325456,0.1,/sfs/gpfs/tardis/home/aca9pw/VCell_Analysis/3c_run_pyvcell/workspace/ensemble_run52_brcd325456,1.0332624035982116,0.0997272292873658,0.0241190544320749,75.08630839787051,0.2230475281828376,0.0796808683024497,1.0794560356693378e-07,8.079800528772918,0.1022440610574153,0.1909253957463129,6.446794414752366e-05,1.5202488191278385,52.53842547686477,0.1220340407218886,0.0536807580786801,14.25020716914613,80.19335671492667,0.1016284128882501,0.381983763362023,0.5009707365507575,0.0009747136523187,1.7497520494506087,0.7162350176424361,0.1023237336493615,345360.4683028021,331520.50890318066,133838.88819069654,280744.7132309105,553144.1814883306,163783.9229363411,106986.04075283474,1195715.4789326994,0.1682997824280885,0.4449417086777067,0.5872330114334376,24.35651838793113,0.0006177438372431,0.0332650736624643,20.857106244144923,0.5516709100301546,0.4315918922745373,0.0012301836004315,10.417910650529256,0.0096973795814584,1.465911061020618,69.05200785512554,0.0115766181650156,2.73572865507627
53,5,161640,0.1,/sfs/gpfs/tardis/home/aca9pw/VCell_Analysis/3c_run_pyvcell/workspace/ensemble_run53_brcd161640,1.081424428808649,0.0847006549663205,0.0194452220777998,77.90770752566823,0.1969206541109264,0.0934427506460195,9.37043232207773e-08,8.760401230156855,0.1068198402077743,0.2328814822372735,4.627555344769849e-05,1.68579772213025,65.50405570657641,0.1100734773502979,0.0496539131858775,13.351454932802032,70.58139611441666,0.1141491786193187,0.4280584916913131,0.4766484141827721,0.0009579504365949,1.6386588476976331,0.6379911957238957,0.0994393837800195,390553.2598765632,290501.0073917212,144988.05876179674,321070.1537335763,457036.278034066,164050.94457253825,99926.60753995356,1557295.2483028702,0.1405087187115981,0.4952514380786307,0.781587129355242,22.326968013794225,0.0006470640516252,0.0326179511348933,21.344265688030045,0.5154863727359523,0.5258170235023717,0.0009930899781942,11.426909307938178,0.0080546390595515,1.6989496302479643,66.5039360406212,0.0110173301396356,2.5872711924621656
54,5,266949,0.1,/sfs/gpfs/tardis/home/aca9pw/VCell_Analysis/3c_run_pyvcell/workspace/ensemble_run54_brcd266949,1.2181996750023003,0.0890634075795678,0.0176703471471234,77.4855586873571,0.2010466188522283,0.0879001950489834,9.067808001919157e-08,9.046342583055756,0.0947808419791402,0.20872763836842,5.1768867373015896e-05,1.5596250510291092,52.013155576268936,0.1045854228056331,0.0466507956384664,11.004174359686235,82.77527407016646,0.1203065542336052,0.3392388261216997,0.5364753907670881,0.0010647820526615,1.6333488113025632,0.5115654477356997,0.0954791811112246,405295.7957735334,274971.97324665246,134493.56465840715,326972.859254199,435142.89415566495,175338.85172091672,96000.6518263248,1264913.129960002,0.1603166765818063,0.4278939838689027,0.7650213599846901,22.10316125942561,0.0007162707501295,0.0314889907640709,21.505825175186576,0.6297650651311825,0.4854123763647962,0.0010399554282627,9.110344028841103,0.0094959038539941,1.581141748807206,78.60376627737838,0.0109011705934342,2.7980949180128847
55,5,830798,0.1,/sfs/gpfs/tardis/home/aca9pw/VCell_Analysis/3c_run_pyvcell/workspace/ensemble_run55_brcd830798,1.1289609566953969,0.0999260827038762,0.0206137306584917,86.8108539987411,0.2012296238889981,0.0896396395430084,1.0565132820785072e-07,8.219179371459633,0.0908541502331223,0.1737524373211159,5.609830963082984e-05,1.7269300084552217,51.92502174381206,0.0888829461895789,0.0516321763858611,11.576513179942008,80.89518453786405,0.0979950921260029,0.3857625131479985,0.4555459665394429,0.0009999902374466,1.7309664479660112,0.6392351060366396,0.1064465195190409,406314.30319720827,301268.81955867243,135548.2850926315,342414.80200239096,586297.997265979,128763.5153169786,123743.26473402289,1163800.1201828537,0.1315731758577702,0.4064106631396921,0.6862467601999303,24.17026755567634,0.000709797839219,0.0340744114090494,19.809231752928564,0.6176688864450427,0.4479698089857272,0.0009964737311138,11.77410598946238,0.0100947816730847,1.2430442503084471,71.71708848466675,0.010539224742882,2.7515317661804124
56,5,965089,0.1,/sfs/gpfs/tardis/home/aca9pw/VCell_Analysis/3c_run_pyvcell/workspace/ensemble_run56_brcd965089,1.1594675338866351,0.0824972516220498,0.0217976937999761,72.50772022621176,0.2291553939860414,0.0910274071958347,1.1175235298935665e-07,9.544191065780142,0.1114649304567551,0.2155315817475502,4.94077562949054e-05,1.67590936234467,53.07038257932652,0.0926082048292032,0.0552412770193701,13.973779376458952,79.89057744931954,0.0920156957095235,0.4579912490819272,0.5667916387592884,0.000933287458384,1.814854211827141,0.6436062260963881,0.086518018087298,400096.1675229143,298808.8527731446,154580.03385019596,324127.8084619376,495658.1204975563,131415.6374338761,115981.16306614726,1291043.5421292009,0.1599879773271051,0.474652905961694,0.7132659038674967,20.49356177219143,0.0006880305679308,0.0329892169152244,18.79126998480281,0.5567614574617332,0.5233263321514211,0.0009911763864014,10.43595542529734,0.0091099422246542,1.4096475247564613,71.10657162913462,0.0094797320915882,2.520285557050144
57,5,735809,0.1,/sfs/gpfs/tardis/home/aca9pw/VCell_Analysis/3c_run_pyvcell/workspace/ensemble_run57_brcd735809,1.0039817255680317,0.0978911123984619,0.0202280441354464,82.57273825170272,0.2324520627593978,0.0985413852042365,1.0167017613719735e-07,8.87075204000755,0.0987054102755937,0.2498495790270907,4.98624012792849e-05,1.913817569987468,61.438154098281714,0.1108009951193792,0.0557772125808505,13.04902787664042,92.94252263012952,0.1128296138621045,0.4173194613055309,0.4161484324559907,0.0009767809257746,1.7353459896942005,0.6017151172738507,0.0994740577473559,386636.1796287751,256061.55388720232,145275.26163276844,372091.7908018891,475150.0515972836,138054.40041421197,124383.15221833736,1444130.9500769628,0.15730120565231,0.5302057910846628,0.8521641173081435,20.494706540416654,0.0005962579002526,0.0257527311366385,21.025048206498408,0.6924085289905864,0.4511218187602933,0.0009611079741116,9.478885818661972,0.0103266262971779,1.403087174539062,77.15891936666651,0.0097392886661711,2.7247361955708804
58,5,79189,0.1,/sfs/gpfs/tardis/home/aca9pw/VCell_Analysis/3c_run_pyvcell/workspace/ensemble_run58_brcd79189,0.9589281741067752,0.1086169398461375,0.0187031314486121,93.74494541695158,0.2091280721545534,0.0787752337316985,1.158101019104253e-07,9.452595695947156,0.0881036346268818,0.2501210530896355,4.69187663438031e-05,1.7123513532327874,57.48109248261412,0.1011168613518711,0.0471849225589601,12.662325358812964,92.48391596049784,0.1050035311680101,0.3939188482200383,0.454965263332774,0.0011738857551956,1.50010628378939,0.518352568510999,0.0903026768044086,395234.6347791909,369553.89105311705,137309.4128345634,308692.3751248119,483022.7930685484,147650.80220668003,107316.3793018804,1557601.520799984,0.1307717636194491,0.4273484704995698,0.6762514203617974,23.08390427181457,0.000647964119514,0.0323713689387548,16.748579035971535,0.5471350471745269,0.4341085105712493,0.0008924523562456,11.256277218280552,0.0100970478242867,1.7752847676708088,79.1845279832808,0.0104083660319036,2.211246360950487
59,5,675780,0.1,/sfs/gpfs/tardis/home/aca9pw/VCell_Analysis/3c_run_pyvcell/workspace/ensemble_run59_brcd675780,1.0604898831089644,0.097676141605061,0.0207725906063289,86.08561923827763,0.2104482320577842,0.0888571942656804,1.0461442727156913e-07,7.651265552739141,0.0950687778377572,0.2189847844258933,5.48030672317196e-05,1.6082100469755396,51.502065637123465,0.0975727354798054,0.0506342321210476,13.03836493532256,87.9408672920116,0.1036149551405492,0.45401501103381,0.4993971678581095,0.0009799668060254,1.603474757026481,0.6956174064782098,0.1104198575335739,488399.9499709187,302194.7962656949,149800.59722196648,274381.75724543125,503452.4510021188,137291.17259710995,133764.86191137476,1215693.6167465446,0.1775598042298133,0.5222203393202673,0.5739842140767231,20.888611616813968,0.0006700187863325,0.0331733019088431,17.854413107759136,0.5063750832197823,0.486573466975947,0.0009409898092452,10.885692884018932,0.0092439698841711,1.4168905277650978,86.65598910264576,0.009307549390225,2.5771388680025624
60,6,767402,0.1,/sfs/gpfs/tardis/home/aca9pw/VCell_Analysis/3c_run_pyvcell/workspace/ensemble_run60_brcd767402,1.2464286164415834,0.0881720995498115,0.0202408968923077,85.2263927795326,0.2187665754910708,0.0962644472216267,1.0142657009443299e-07,9.93064247092406,0.0910857328537154,0.1925849484411705,4.053535758040009e-05,1.5177536940857932,48.15419669064476,0.0943894579683243,0.0589526614093128,10.474331003712242,91.76421184266452,0.1149204675427087,0.4118245579255663,0.4225521819709383,0.0008766030694152,1.886159812339052,0.6201742692801038,0.0976208864246648,416592.4896575512,319582.410545847,156012.51136810874,302127.9498074704,420622.39698452223,147847.42431272712,106958.02416915425,1268947.0043350742,0.1392082418687325,0.3830461763616102,0.6444982689489599,30.74428371403159,0.0006435566377129,0.0308938148023795,18.435510341156608,0.6142378884961577,0.5648607717489328,0.0008818021110025,9.20911954529377,0.011412913059211,1.4339698461107375,67.67365621760338,0.010899501515845,2.824507426552679
61,6,406599,0.1,/sfs/gpfs/tardis/home/aca9pw/VCell_Analysis/3c_run_pyvcell/workspace/ensemble_run61_brcd406599,1.0171861224323475,0.1041134547154974,0.0214350089287581,92.9752222981364,0.1954714313072514,0.0784053513437453,1.1322168170986472e-07,9.01703850308172,0.101526005250224,0.2050818635746578,5.126639385152403e-05,1.5071188712512018,50.34429243978389,0.10685516144917,0.0459683778424072,11.0275286334191,81.28155571028316,0.1017094538942829,0.4386149672322745,0.4657214941791217,0.0009195647784995,1.4959249243267865,0.5186217192651733,0.1089805404611955,408734.4158626577,343260.4213506226,135338.94888361264,296962.3083177041,505608.8993714133,163249.35869636573,110444.67764349827,1486461.4982553676,0.1386529018920751,0.4412767747606207,0.7765860764382585,24.32248063963777,0.000631215342566,0.0287662460442653,19.49397025140289,0.5219706586087819,0.5644404309270734,0.0009824356499637,9.663821345123006,0.0075685962378274,1.3666109221477063,76.98084280402706,0.010707644863296,2.293873471532576
62,6,356814,0.1,/sfs/gpfs/tardis/home/aca9pw/VCell_Analysis/3c_run_pyvcell/workspace/ensemble_run62_brcd356814,1.0916337695287257,0.104787739077459,0.0209864082463953,81.53607899418925,0.1994046696935617,0.0808764058278762,1.1360102012141699e-07,9.326526779327995,0.1026592398376176,0.1950537418352525,4.473984657117945e-05,1.5762937064576008,56.65050926751918,0.1041507652395733,0.0492485782979778,11.759585860004654,83.24120167310568,0.0919257082580514,0.4416220733676306,0.5167457842430995,0.0010027320446083,1.833296715944309,0.6096412263378856,0.0926600316211217,392608.35810032,270488.92482647026,156122.94565163908,375796.9382835293,445077.9334568156,155186.7537837055,119945.15101769145,1200032.7909300907,0.1501202230334448,0.4679488818076885,0.806956289421037,21.746731916580707,0.000701249456606,0.0390295312200692,17.27892060144715,0.6022077089681829,0.507968623890381,0.0009233280143977,9.609676199526854,0.0138676225506808,1.5479171438868362,73.08720895814105,0.0093830651138773,2.6647740693873234
63,6,752110,0.1,/sfs/gpfs/tardis/home/aca9pw/VCell_Analysis/3c_run_pyvcell/workspace/ensemble_run63_brcd752110,1.005770823934231,0.1072736722825163,0.0204891118306658,80.73529735629816,0.2247441671591766,0.0910582300287039,1.072558860304224e-07,9.110950102842176,0.0961173862788295,0.1831792290472659,5.473773895518113e-05,1.472525262347195,53.875947085060766,0.0994207193481351,0.0461423807940889,11.892562870057803,76.31332233845465,0.0890204716114668,0.3959352742254853,0.7187502839747522,0.0009251889122245,1.5125406508746544,0.6460090112442378,0.1096245744357749,420183.92276301,296157.4114985533,149226.15445301548,317123.80210223905,555172.3642531054,150762.31039625916,80332.27196526034,1435950.32790987,0.1368740775903194,0.4992321341983748,0.7180172961165623,21.811748719679155,0.0005717963006014,0.0410400508405235,19.266452465148586,0.4856695548212891,0.4586719612610891,0.0011681391908062,10.593576952389837,0.0101166872754034,1.4960029633976353,78.67638167473676,0.0089720817322091,2.7525322974490454
64,6,307779,0.1,/sfs/gpfs/tardis/home/aca9pw/VCell_Analysis/3c_run_pyvcell/workspace/ensemble_run64_brcd307779,1.0671359063248305,0.1292404648075981,0.0238988258380936,94.89991594975896,0.1985926177747643,0.1027080010669333,9.530064356245599e-08,9.308809671023674,0.0917198774382722,0.2306088706361518,4.355323322160749e-05,1.5932719139049594,57.17083453640452,0.1044556534478325,0.0464002343417968,11.385203689591904,69.28280531941007,0.0908885521277615,0.3606923472495212,0.5049178510047576,0.0012708197450894,1.5822538646762847,0.6478056724006823,0.1082011147966184,424086.4486300344,331696.2138733644,171331.6181755815,398176.3213792599,469498.8738513597,127595.25529275264,90936.42280800144,1261934.28729157,0.1371695758111334,0.4717844802023411,0.7746884626044324,21.54458666439991,0.000686624231146,0.0286267579744141,22.330123069666055,0.6678625884869803,0.520597249634652,0.0008686686104193,9.805155657847552,0.0099143668779801,1.5724018608237045,62.76645081549562,0.0090173501494438,2.49381100845328
65,6,482509,0.1,/sfs/gpfs/tardis/home/aca9pw/VCell_Analysis/3c_run_pyvcell/workspace/ensemble_run65_brcd482509,1.0699741132147504,0.1101660446262039,0.0226440095985865,89.65752771928227,0.1973184197028648,0.077651199277298,1.0620372990480025e-07,9.259649470845126,0.094552637675127,0.1866901357102245,5.112008458883455e-05,1.7139390594803283,48.06329702977888,0.0941114494118191,0.0536973711218821,13.03529294170398,92.78209270744286,0.0943428450849264,0.4038075939982805,0.4410839982714384,0.0010058492937987,1.6847440911495652,0.6134783999762442,0.1005731899584815,382598.81645136426,280788.04646401503,155089.29380745927,280935.9165314128,473945.9928638089,153966.1353070677,105619.82727522978,1415959.4439381056,0.147162290465841,0.4026205807135246,0.6570232824922579,22.57113618055577,0.0007136195777237,0.0335208778742628,22.313932805060716,0.620583704843867,0.5293577155094651,0.0010817482168266,10.035444979592162,0.008795350616242,1.3504012037985438,79.01308099236579,0.0101441566155273,2.304034523881547
66,6,310702,0.1,/sfs/gpfs/tardis/home/aca9pw/VCell_Analysis/3c_run_pyvcell/workspace/ensemble_run66_brcd310702,0.9529540222338414,0.0986526356105462,0.0229616537849863,68.50667005494368,0.1935689635328359,0.0808577025077129,1.0437115504537187e-07,8.564979214473823,0.1184336974297629,0.2094852672593306,4.907593926151153e-05,1.9024000435138344,54.18446946785516,0.0974473838491645,0.0495807082180144,10.699702724484087,88.42361168812054,0.102505273698783,0.3410992438262937,0.5186644197849336,0.0010511728140026,1.3731518179041071,0.6148764104922799,0.1043167402429025,443963.86116971687,335179.3174954,151961.75548535044,341002.80945298955,456601.0528530439,124788.84000159748,112835.71736460578,1657567.0813049255,0.1269888965397068,0.3943752320129414,0.6614403321301103,19.034267528321124,0.0006987355735585,0.033454199796873,20.49766983527564,0.6093044321771214,0.527225655907044,0.0009684790704328,9.264784660440757,0.0101756165966402,1.5099489354599804,80.16580870898555,0.0102081041289185,2.5932278810569187
67,6,759997,0.1,/sfs/gpfs/tardis/home/aca9pw/VCell_Analysis/3c_run_pyvcell/workspace/ensemble_run67_brcd759997,0.984335324866358,0.101446541746557,0.0233934925213737,90.3062816738346,0.2085954167596901,0.0844076107569486,1.1755833865021758e-07,7.516826777713875,0.1053349745861459,0.2215134193279367,4.665476764731415e-05,1.641143390755274,47.47866475744674,0.089359662039654,0.0538050577501049,11.425111625049595,72.36695395226656,0.0841887655640986,0.4332563601357288,0.5516015356457831,0.000831619711751,1.435552584478874,0.600175508515846,0.0945573745212983,383221.5347071743,354885.47620443016,146728.34068263514,391106.3077895432,453054.4136140819,153841.11435149176,100608.61163487432,1209037.5674470323,0.1916350183016666,0.4576346941247934,0.8806950737876788,22.71678717844252,0.0006157861626692,0.0369515491338839,19.933006949344133,0.6382200598335855,0.6068574445093217,0.001136463053968,8.414491234466968,0.0112890209391103,1.560523822858633,66.99813727417529,0.0096607584849762,2.287127128819709
68,6,377259,0.1,/sfs/gpfs/tardis/home/aca9pw/VCell_Analysis/3c_run_pyvcell/workspace/ensemble_run68_brcd377259,1.0170069151652987,0.0958235486532176,0.0181022207327567,97.57901629805885,0.2082656397321262,0.0838138045033135,1.0013319394322792e-07,7.270996656127094,0.1070485221361541,0.2232543657707609,5.101579601438287e-05,1.7782122909350062,46.9194244717556,0.108118903346839,0.0472533619376635,11.57061849645361,81.22734035302112,0.118347891112929,0.3564198095746926,0.5253668526162277,0.0008487751336348,1.5581935537542018,0.4887769874330718,0.1019684634660831,401346.75640250463,293134.9255642844,172965.14449383094,339020.57976430724,599562.523779185,176653.8540271851,118101.09085413824,1209711.908445956,0.1612383744320372,0.4767374305527649,0.7518595482732595,24.33239641612624,0.0006249588014668,0.0346368558226657,15.960500571095244,0.6689867411463649,0.5407840846222799,0.0007840005324511,10.034899804650372,0.0093300640381766,1.3845831731735858,69.64949918511114,0.0103674629127047,2.6273451682562485
69,6,872044,0.1,/sfs/gpfs/tardis/home/aca9pw/VCell_Analysis/3c_run_pyvcell/workspace/ensemble_run69_brcd872044,1.12327717554421,0.105319533922587,0.0182253579947196,69.04410051009009,0.2157936666054915,0.0948397645212543,9.157185394570709e-08,8.676803949926052,0.094441842347986,0.220520464970711,5.486031912022393e-05,1.334208786004728,49.62000895388688,0.1097077627924547,0.0495568023902368,12.062207772399702,85.85003068024423,0.0909081045846918,0.3741084714897977,0.5179289150373834,0.0011403158777697,1.5062163580819887,0.6472924748412735,0.098033501303308,390277.9423540032,264177.5953549963,142139.70278869217,359426.0165976002,455331.737560102,142181.9429754486,107417.16109284468,1364856.5363192374,0.1688234143507881,0.4142487024271916,0.7117232613601961,21.56645547807788,0.0006494404076217,0.0324995068889532,20.4322884023507,0.5853799790982859,0.4921419808670557,0.0008933879549314,11.290805123004208,0.0088816695631233,1.337585779222517,63.520401686117445,0.0088263895570369,2.6871930874249745
70,7,104664,0.1,/sfs/gpfs/tardis/home/aca9pw/VCell_Analysis/3c_run_pyvcell/workspace/ensemble_run70_brcd104664,0.878490853358476,0.0951840227852325,0.0216441471250019,86.05818315468622,0.2206871274731892,0.093776379839486,1.0510462293030609e-07,8.563211920509922,0.1017725401121765,0.2023423809031966,5.548728991403722e-05,1.7007197449361318,57.77501543905632,0.099873052468642,0.0524479808094218,12.885857411642814,79.49670999433155,0.1085305998507482,0.352060719080251,0.4610620199578865,0.0008638876929996,1.7358006515175322,0.6519268842009146,0.1137476234211179,439452.44180635794,340070.6783379729,143343.72592354196,272562.4237739049,484144.9014795703,135851.01749189725,126274.07939566436,1043707.1309804402,0.1343278217777256,0.4710756046183208,0.5928541456215083,27.89267720151871,0.0005899235332125,0.0319690397674615,17.629280456450072,0.5258015537871493,0.5132763934475159,0.0010579774783782,9.284610319565166,0.011193672856814,1.3879979787065686,72.44042511373348,0.0102258944636608,2.5869285329987117
71,7,934225,0.1,/sfs/gpfs/tardis/home/aca9pw/VCell_Analysis/3c_run_pyvcell/workspace/ensemble_run71_brcd934225,0.909456133441064,0.111753996751796,0.0158649383921771,83.14045206547188,0.1984013360195703,0.0794137216566078,1.0204163118644825e-07,9.117242280006858,0.1046104134812106,0.2021043761323634,4.825159655370365e-05,1.383202055812404,57.58561697899662,0.0724443414399129,0.0607752089335245,10.556252813253122,68.22692137472293,0.0955011363349066,0.3908829836000426,0.467935039803998,0.001111509348411,1.6031391102122423,0.5240474836410898,0.1162633816674292,339666.05077336275,266262.7336246168,150831.80850397286,352160.7564866304,466319.31240841927,144052.98108916354,108958.48686777757,1326466.943128782,0.154566471048776,0.50460937950247,0.7667829773883905,24.349586743070606,0.000650461340255,0.0315319348755927,18.214890136969515,0.7157819153482513,0.4690472985337263,0.0011103068998112,11.03114246182198,0.0100802478579823,1.4057657898129077,73.6929605965788,0.0103788054238576,2.544912049025575
72,7,571367,0.1,/sfs/gpfs/tardis/home/aca9pw/VCell_Analysis/3c_run_pyvcell/workspace/ensemble_run72_brcd571367,0.9577273302621006,0.0864866307914031,0.0206408204205114,76.66638656529346,0.2310352287268407,0.0897322276671483,1.3887202632815352e-07,8.283307508670234,0.0886084777364416,0.2093171152992756,5.438354860718615e-05,1.5810838586547982,59.18431625648202,0.0939540993208071,0.0492191698267577,11.03342568173648,76.0329816761203,0.0877840285936367,0.4140487076303763,0.5124087895150994,0.000941866197353,1.624049537027928,0.6282645182305221,0.1002092150315665,366127.7372137329,269748.03041759547,169555.75126499118,338766.7404480943,585138.6827866345,150181.57712794258,124204.70886318696,1357648.1297201084,0.1429336019020316,0.3525460930020901,0.7751823485162646,21.50882796566604,0.0006141969878511,0.0334182198706551,17.769716624226927,0.7341528469700587,0.4773827816931264,0.000856667563948,10.86830407034911,0.009264798837727,1.4917030230704726,68.10737516852453,0.0092681803136177,2.1124018821272266
73,7,432610,0.1,/sfs/gpfs/tardis/home/aca9pw/VCell_Analysis/3c_run_pyvcell/workspace/ensemble_run73_brcd432610,0.9890261340162302,0.0977430045492969,0.0233855799718705,75.48399571881048,0.2054411568192954,0.0874703081066085,1.057830206740808e-07,9.265246101243036,0.106991271740474,0.2502371742209232,4.662050472986736e-05,1.9444954703104205,50.07609057039109,0.0989032413679537,0.0522949813130062,10.38756057877088,65.77320026906769,0.1030879244700338,0.4071136432157198,0.5080937260252477,0.000902972657796,1.7214612343896796,0.7668854110131895,0.1196010663030863,388498.8035852223,283112.2873150108,163041.45563211731,323446.8013334406,505024.0768778775,157992.75563822887,95206.20876888926,1315226.187543877,0.1522350349639285,0.4184641794042102,0.6012414769310521,20.90009868528201,0.0006909442610756,0.0337872305880559,20.787069392746726,0.5976925674564375,0.6167902477975048,0.0010841094713642,9.08438026022689,0.0096442456518566,1.5426509169702824,80.51005412448899,0.0102663771992553,2.543785651563805
74,7,572754,0.1,/sfs/gpfs/tardis/home/aca9pw/VCell_Analysis/3c_run_pyvcell/workspace/ensemble_run74_brcd572754,1.1810643204330058,0.0883754517929988,0.0175315052900372,81.84628805941273,0.1955471803083518,0.0960846955540451,1.1312016341919977e-07,8.989365607559177,0.0993556530891875,0.1973853240509865,4.547622824613701e-05,1.719177723806247,51.76876562218256,0.0837373203800467,0.055717429423136,11.005603832986615,79.60812563915663,0.0964772549837165,0.3785856316275222,0.5784656578090273,0.0010054726942142,1.6103364718771116,0.535808334068045,0.0887643802471039,386576.8444643084,278474.74656367267,132922.29350928083,335159.1615369743,478284.8405748114,181427.71260887475,92512.92148158383,1216669.2913718997,0.1715837830461051,0.4302971780286005,0.8000275830175848,22.26015821250028,0.0006207509717028,0.0357565949344185,16.255527761040902,0.7143398833770108,0.5484759789065914,0.0011368458045694,10.095005830014417,0.0099501162706118,1.7520907693120238,68.92622149440976,0.0097789491164025,2.244430487712932
75,7,113917,0.1,/sfs/gpfs/tardis/home/aca9pw/VCell_Analysis/3c_run_pyvcell/workspace/ensemble_run75_brcd113917,0.99790266851001,0.0915321499960036,0.0219130231282148,80.75540680761033,0.2176533189384157,0.100256189705127,1.1544195409069897e-07,7.579409328719569,0.0933544553321591,0.2344805083340342,5.077667013727532e-05,1.5196862601574306,61.752881186193584,0.1073594151279538,0.0598811270841407,11.80959918003152,77.00126266493382,0.1041917928990863,0.4072303005407106,0.5648839079201009,0.0010399498035463,1.8477317214572435,0.7649965895886807,0.1127593252400743,417332.74202212354,310659.03390921804,137797.50086098377,365394.4986518659,530474.7566655793,149642.44919673883,116402.66888507277,1338630.8784485192,0.1580015382684745,0.4926375792993738,0.7008125735653546,25.472282887492025,0.0006656084131539,0.0393571072322809,20.263043071382164,0.5937143196133334,0.4619332810066663,0.0010931030897648,10.995816769456184,0.0092357419075205,1.6063057868272743,78.76846910129268,0.0098033098959762,2.2982412911425443
76,7,362716,0.1,/sfs/gpfs/tardis/home/aca9pw/VCell_Analysis/3c_run_pyvcell/workspace/ensemble_run76_brcd362716,1.0595358406810207,0.0887999717074687,0.021434391455201,98.47441569220172,0.2141737578464991,0.0795288873824472,1.0455923155857669e-07,10.512567981314458,0.0957980599399714,0.2024130819052081,4.928055397849944e-05,1.7542965955729912,51.213167369181726,0.1245045658614863,0.0539761386044233,11.612066241246891,72.17285151944353,0.0949986066499583,0.3471927280696389,0.4533157866662342,0.0009370903131639,1.7030928338389577,0.5962816028876967,0.1226084351974934,432008.2898480074,302111.37922183843,136137.3768317256,323004.8489312146,444905.4088388807,151439.74721296743,107563.78251818988,1236310.1316906926,0.1475527083539598,0.4588693728503001,0.6968053709603315,22.74904496528106,0.0005659805765619,0.037724398163867,19.0059150145488,0.6364501764678906,0.5919196551298043,0.0010141664443676,8.52414944736631,0.009901802088081,1.499313740426091,80.7823035190988,0.0123373692714835,2.47557575649583
77,7,219610,0.1,/sfs/gpfs/tardis/home/aca9pw/VCell_Analysis/3c_run_pyvcell/workspace/ensemble_run77_brcd219610,0.901157725928504,0.1028986171002971,0.0222453748772542,90.70704303541446,0.2050755109015093,0.1140618120852818,9.441542531040505e-08,9.866476141911384,0.1025763476563043,0.2391388510498133,5.308419016711584e-05,1.4697788184020184,55.2722783031001,0.1040177434776149,0.0551031367590894,11.357789782084115,79.79996641473883,0.0910642627548131,0.3582444325244512,0.4917365516375896,0.0010090645467115,1.6013799942331608,0.5944135055260187,0.0960202483536735,383531.2353232957,244344.66493507277,125277.75772057544,343629.5934824424,592964.8110288817,142985.8670665538,93287.6673825629,1298967.891321006,0.1559483560433451,0.4570626337959393,0.7351045443299612,21.597484290686427,0.0006198230960518,0.0369973916177757,20.06158629722888,0.7060044803210925,0.6043003686521697,0.001053220970614,12.78052726297097,0.0098261709750799,1.3999313843653884,71.8468712222703,0.0105393232703042,2.4981905540511007
78,7,511903,0.1,/sfs/gpfs/tardis/home/aca9pw/VCell_Analysis/3c_run_pyvcell/workspace/ensemble_run78_brcd511903,1.0594510880398984,0.1129124050581067,0.022907819029217,91.92907170066997,0.2148532822536529,0.1046552377950633,1.1343187602549145e-07,8.57854547480957,0.1009900830236512,0.1926040236082405,5.26907997568485e-05,1.6644132209135094,67.35813573300857,0.1181603768895672,0.0526933982596784,12.56865779149584,75.45993514969012,0.1127376305734362,0.4007292874555866,0.5068561019574582,0.0010482439765155,1.5128610504986069,0.7392622036314435,0.1085319011854152,390919.1356705302,317129.67233927944,145737.2152086039,346160.8768662521,530325.2614350462,145676.87594714947,110877.82437626467,1344953.7825539033,0.1344160185014392,0.40811638362559,0.6189296978454609,28.469286487888063,0.0006284294102592,0.0311714135423281,17.0140787586639,0.7130202910645628,0.4923341277643653,0.001105451319792,12.09558420459876,0.0089302293048584,1.542519592806458,77.32484335414992,0.0097288374126381,2.046545474604624
79,7,28421,0.1,/sfs/gpfs/tardis/home/aca9pw/VCell_Analysis/3c_run_pyvcell/workspace/ensemble_run79_brcd28421,1.0140131568411062,0.1104025435544614,0.0201493126552542,75.54417472989999,0.2117048483881908,0.0837716245260258,1.0503490335575932e-07,9.53273928307314,0.0921488187403985,0.2125692652139947,4.776285929511727e-05,2.0427290654034103,54.63068227496306,0.0922149287956149,0.0530711064219462,11.236505789798995,81.22572582915767,0.1096092052251074,0.3879641947223353,0.4522590371258745,0.0011455573122434,1.7492739412921738,0.5498676987000763,0.0855338100576685,430347.8157237664,340580.1800543546,124987.38047160144,360941.8876647264,484416.64370418526,156710.36325978083,109912.884412161,1040555.1847114712,0.152695649987938,0.4316317943464193,0.7394645416161448,19.526840106488603,0.0006053033297392,0.0360578976889448,18.24024366748442,0.6044565427035115,0.4845179125005131,0.0009636622687185,11.125500813955274,0.0106317284427923,1.6462529262252938,63.93935966304168,0.010230384902812,2.286183199154981
80,8,997895,0.1,/sfs/gpfs/tardis/home/aca9pw/VCell_Analysis/3c_run_pyvcell/workspace/ensemble_run80_brcd997895,1.1192045206204084,0.1042879573627714,0.0250198778819049,78.99924356199283,0.2243548355540136,0.0942396682865091,1.1348160078667586e-07,9.488528964035662,0.1012192620969496,0.2036712354040752,5.154972372823559e-05,1.5487230729960786,56.42023742406161,0.1304050586949901,0.0550890816891496,12.008783120339016,78.49898910510058,0.098492031828417,0.3789752448816785,0.5256545853018761,0.0008979208952097,1.9350573439679883,0.7074637288854951,0.1167502891606018,448030.5303320207,294105.6093631998,164967.31481967831,269066.3206610565,567753.9338142943,158713.42467482208,118284.25493959528,1443749.928618028,0.1840342647757709,0.4275404003799469,0.7993271993770394,20.522268132107275,0.0006156169395767,0.0350661574606927,18.27186036680663,0.555470260662894,0.5106621209181105,0.0009575274627509,9.573726025418944,0.0103690002040438,1.934010604186064,76.94888143824768,0.0093500776188871,2.2794394225087644
81,8,386140,0.1,/sfs/gpfs/tardis/home/aca9pw/VCell_Analysis/3c_run_pyvcell/workspace/ensemble_run81_brcd386140,0.9157181730767489,0.0917931990375414,0.0198421232853593,91.73235021557642,0.1986450866961246,0.0994459926182714,1.1375838680542649e-07,8.313252326590579,0.0934373339082032,0.2048899643782785,4.36078228618405e-05,1.6322104286261696,51.90030250139666,0.1062263144199759,0.0528394086504043,11.396692242389816,91.8116206702346,0.0965155665290471,0.3211145910626983,0.502892212672711,0.001148965458725,1.5805455054533837,0.4616905277238713,0.1073161247877118,421231.7333731896,320672.5391220236,169069.8774049061,300963.5674920498,448168.5528122104,190542.7175885984,117209.3502391552,1261882.7473336654,0.1511769726554296,0.4864934789630719,0.8850628920883097,20.05820118857639,0.00060784788795,0.0325769092311032,17.733708500034083,0.6176862199550976,0.3936476191776777,0.0011236374649552,10.630972367753744,0.010168554955264,1.789774772959117,82.86880959684386,0.0091853088014713,2.7307036784916927
82,8,739397,0.1,/sfs/gpfs/tardis/home/aca9pw/VCell_Analysis/3c_run_pyvcell/workspace/ensemble_run82_brcd739397,1.013502896787347,0.0962953857057296,0.021906266858014,85.41323560128828,0.2072670149281481,0.094664475264347,1.02393880730918e-07,7.785713051518467,0.109401497495598,0.2099657931642481,4.818207078767693e-05,1.5763640841122273,57.75487384623364,0.0948951519877034,0.0472740584552804,10.747840927401173,75.42312869271926,0.0940306168878655,0.3618696324840378,0.4278915851888798,0.000847627775612,1.5840872437100082,0.6549203921348251,0.0922906668706554,338075.7722383364,249058.460438122,140641.59026918138,325181.50240403105,499269.8658886172,140637.0211476899,112910.4536674813,1264335.3325195764,0.154628299304153,0.3971169511751864,0.7270588405032175,20.312780290218537,0.0006223834470197,0.030979998592335,18.38214078836928,0.5762337304607873,0.5063162699441068,0.0008442158261459,9.47038044524102,0.011872174922267,1.397020275737681,78.89654914908215,0.0104869245669728,2.253881037848734
83,8,343685,0.1,/sfs/gpfs/tardis/home/aca9pw/VCell_Analysis/3c_run_pyvcell/workspace/ensemble_run83_brcd343685,0.8577797406177486,0.1111770279725409,0.0195620150757545,73.3357334097016,0.232534014147633,0.0979879007905159,1.2099030764851045e-07,8.90531909749996,0.0965004178304757,0.2460646062174525,4.790282997401683e-05,1.740097745136276,50.131387055036775,0.1097320130675899,0.0571430807032293,12.872457490150818,69.47135378523542,0.0972995388215895,0.4029938672363399,0.5350825903799897,0.0010968165467306,2.053439525174501,0.7726340637795873,0.0919939845296032,311114.60620095104,301408.9710665386,139855.49544245904,303078.226680011,472151.19961104,158970.20016037533,107511.69567810536,1131261.249150335,0.1449451193090964,0.4687199789775009,0.9284221376798726,23.219712422457334,0.0004917474946514,0.030167635224976,19.71641032920605,0.7792706246519533,0.5433542213178182,0.0010373725413612,10.073106524167958,0.0097091129655835,1.240720426780627,76.98171830464655,0.0106121417654519,2.376644961739827
84,8,779092,0.1,/sfs/gpfs/tardis/home/aca9pw/VCell_Analysis/3c_run_pyvcell/workspace/ensemble_run84_brcd779092,1.133318361716199,0.095658701778051,0.0202197859771329,83.97671586849603,0.174797181104858,0.0930394903506585,1.043822712615089e-07,7.07452247817081,0.0995195624756972,0.1948959327862655,5.7845638891829855e-05,1.4856050567656205,58.008205270075614,0.088405570976179,0.0581563416401507,13.232053707969843,90.99753946903402,0.1026024881998668,0.4132240478625649,0.4807673872602671,0.0012313636961647,1.6855726141658798,0.5762629349738967,0.1124125604289904,395303.6650280992,297481.3561703342,155888.03750506236,274500.7958770136,419417.5923470235,142327.31626540422,83728.33288093127,1445633.746144202,0.1642400483956613,0.4426588919001445,0.8357637847446382,20.399579717067887,0.0006480586907328,0.0330012604176803,19.450129010218976,0.5402545295016263,0.4452576403125401,0.0009392450163037,10.192103790043213,0.0102050079342932,1.5329951933293784,81.63835853818213,0.0101028661818266,2.66685921493294
85,8,354627,0.1,/sfs/gpfs/tardis/home/aca9pw/VCell_Analysis/3c_run_pyvcell/workspace/ensemble_run85_brcd354627,0.9288601135360808,0.1004148699592498,0.019016948104847,83.11222727107713,0.1983348304425123,0.0929643639767616,1.140275320499193e-07,8.051423219540773,0.1004755796424601,0.1912687987751138,4.465360668665054e-05,1.53776098349053,54.6986541392232,0.0952712233306851,0.0465676434483897,12.304264012323513,85.22441512373203,0.1096445238780815,0.3088519017240384,0.4065142374269602,0.0009082678462597,1.5717080061577398,0.6200145826743497,0.0989264470897802,367760.3253023187,294857.1610082205,131534.07230881663,306149.3079028547,477583.7816897289,148743.50755758816,110915.29883277668,1165173.4227389377,0.1249638354011812,0.4274828515290407,0.7554628098178705,19.875910120730147,0.0006102352557677,0.0317506311699666,19.59319879507759,0.5705373915131557,0.5653257810409322,0.0010616331701475,11.942762280682704,0.0101765756441605,1.1625277763602324,73.94222123966861,0.0105478995165963,2.25627203342074
86,8,274942,0.1,/sfs/gpfs/tardis/home/aca9pw/VCell_Analysis/3c_run_pyvcell/workspace/ensemble_run86_brcd274942,1.1438723496775738,0.0905605242295471,0.0199184061773795,83.34289416196007,0.2101694345052071,0.0964530640435949,1.0560074732476716e-07,7.157312070752568,0.086090425873997,0.1818576088974796,5.431203054875023e-05,1.506957551399458,62.67852206506018,0.0971426475531191,0.0408588219184565,10.586999799678953,83.60834846132163,0.1012580037293531,0.3627834012908396,0.5186958977414345,0.0009153282291932,1.771315383147224,0.7080082549299969,0.1104253021474886,394426.236804721,315648.0266734235,131083.347940555,331924.6056208804,493588.31774058193,160666.33815334397,99611.23693161564,1412084.36455168,0.165503141211898,0.4547657851191032,0.6479236120402818,21.348711162282036,0.000608242494538,0.0333554820375816,18.648772661015176,0.6743401365847873,0.4607771235040047,0.0008362623152643,10.748026493659118,0.0099376199500911,1.3714619701510582,83.45659442909438,0.0095285225803283,2.4096879719578195
87,8,142727,0.1,/sfs/gpfs/tardis/home/aca9pw/VCell_Analysis/3c_run_pyvcell/workspace/ensemble_run87_brcd142727,1.058018568877934,0.092006505840468,0.0171471890708613,95.48900898073803,0.1993409494321086,0.0898954488229948,1.2365817617738562e-07,6.81054539509111,0.112105047433393,0.21373120440881,5.015564556617194e-05,1.6918257457423926,58.20636281380094,0.0985493077365071,0.0537177697154107,12.946593236996604,72.71991737101023,0.1057350583608292,0.3569701103237893,0.4995560714448186,0.000889687397703,1.4044508300355685,0.578879764658138,0.1034059990285143,416172.3339972509,274782.22609068395,136825.8013292478,346595.11135252984,479744.6386250279,163995.4839861703,99180.01381566486,1459266.8001891824,0.1550855023899451,0.4984597629979048,0.7526668968955667,23.26471328547981,0.0006663797624719,0.0352648232702556,19.97259823518485,0.667883103153172,0.4246480194949611,0.0009354276898128,9.115396782769835,0.0094220935392583,1.5025176755562448,80.22251845808533,0.0101775387697503,2.5370146810316623
88,8,682275,0.1,/sfs/gpfs/tardis/home/aca9pw/VCell_Analysis/3c_run_pyvcell/workspace/ensemble_run88_brcd682275,1.042273939395882,0.0930070269036463,0.0204145699622936,71.15345208570444,0.2215055501435795,0.0872867803738037,1.2296730132806197e-07,9.41374371860529,0.1104760083872176,0.2226892374693558,4.309503027897644e-05,1.3234343236800703,51.326770905443794,0.0977256173628014,0.0582224322498106,11.807428044030283,103.3049082837063,0.0978796638011406,0.40624304312274,0.4106932217779656,0.0009822400062513,1.694509110229954,0.5620927845588934,0.1180425581879503,364527.8070139319,307113.9298246063,156495.51648289262,318974.48737530987,492484.6536128418,146024.4448413717,102564.89335864365,1142472.3211130763,0.1816651101428657,0.5031606378280534,0.6573848572877867,21.047250470340757,0.0006951018621439,0.0351835453675128,18.988780282122743,0.4749662474493337,0.6091106976855196,0.0011377959382772,10.620289397710462,0.0119598670054099,1.952332239241651,71.64336499168417,0.0128422004765784,2.7773207465898784
89,8,896,0.1,/sfs/gpfs/tardis/home/aca9pw/VCell_Analysis/3c_run_pyvcell/workspace/ensemble_run89_brcd896,0.9983832940894652,0.1126960622752319,0.0195304754860725,92.0840220785871,0.1928690698678059,0.1022596464339971,7.80536630961402e-08,10.269280868531396,0.0878995368091497,0.2121505255932843,3.701057985215556e-05,1.5237065957897005,63.87358255667228,0.109048050398325,0.0491345281359641,13.081893362763829,86.54518178221741,0.1058028685938385,0.3306889249935066,0.4611942782637517,0.0010218002654356,1.76238404867599,0.7083669862720818,0.1222665166417618,326005.3738631371,286710.0782656246,168940.4451980799,335500.04280699906,494426.07653626334,145694.7620360138,98785.32555059483,1458211.5357184066,0.14381264667492,0.4823523144855361,0.6610548375326174,23.50331284031177,0.0005347197488475,0.0320695534266556,20.501431321157565,0.6665637768596911,0.4774038811216582,0.0009211436215622,9.989321097588002,0.0115557087430941,1.4076177478197922,86.53345305741513,0.0097045055999817,2.5235058912769626
90,9,93173,0.1,/sfs/gpfs/tardis/home/aca9pw/VCell_Analysis/3c_run_pyvcell/workspace/ensemble_run90_brcd93173,1.044128503735364,0.0990436513545897,0.022038062789657,74.57143099062604,0.2187688473577013,0.1028655819958733,1.1004763317866705e-07,8.39516060278377,0.0885159757295257,0.1954842686647023,4.560696668235071e-05,1.7478152282704411,58.80306899716478,0.1019289742397181,0.0501965754575379,13.8307718609949,63.76476687192424,0.0982037462594163,0.3814283248577059,0.5082978848854687,0.0010282001821421,1.5687695644599648,0.5915639580480447,0.1033809102263718,411245.1133781376,241757.8781185688,136039.21977964314,330488.6794160899,538280.7265084125,156598.67011333676,106440.26631216607,1188261.4317739855,0.1352450976236842,0.4993477929178455,0.6455447715627284,20.81613966955088,0.0006335145554374,0.0320985334520659,19.095044140116247,0.588531331678837,0.5142672208075214,0.0009200223555324,9.604778660119068,0.011017665635878,1.3598371409135075,81.74990170574928,0.0080826090781188,2.347381135367476
91,9,508285,0.1,/sfs/gpfs/tardis/home/aca9pw/VCell_Analysis/3c_run_pyvcell/workspace/ensemble_run91_brcd508285,0.9182019728784376,0.1109548096036563,0.0240593122952248,75.75908132164528,0.2128253616060426,0.0864208538140827,1.0309454423648201e-07,8.474090382917836,0.1180741735355125,0.2094628091127916,4.999208885838457e-05,1.46544533444109,50.711288966801206,0.0999439663853215,0.0602610756019654,12.715563872282658,81.67186304187165,0.0944152234912298,0.4071918517735958,0.4819961781523502,0.0011396461688466,1.653729313453912,0.5514302331479769,0.0931410699551882,416253.1367482824,306990.1955829352,152854.61810778422,331029.42675136606,478219.1356223119,148165.54735282183,97092.12595758078,1370109.3675062486,0.1404870602000084,0.4610364540139042,0.5622357425153293,24.50861032539537,0.0005526578525402,0.0394453732866676,18.06958635849498,0.7157552726394664,0.5331726982018709,0.001126780015113,11.80269381703056,0.0097775237143456,1.7292958116312374,70.27769650227256,0.0099713907066901,2.400320423220035
92,9,794873,0.1,/sfs/gpfs/tardis/home/aca9pw/VCell_Analysis/3c_run_pyvcell/workspace/ensemble_run92_brcd794873,0.8236529144025984,0.0931143645281058,0.0185589190969296,83.55930437542737,0.1972916931658577,0.0826639021079013,1.2414753097798964e-07,9.50180256466688,0.0971595717616641,0.2189000531190696,4.415221740627869e-05,1.4440559812783245,54.87391657080527,0.1005954972080407,0.0430695712001242,11.826066474390023,72.47681803685576,0.0934755047919568,0.383498392914383,0.4279436448867804,0.0008370942286324,1.4597472644359968,0.624101599464714,0.0813349995448106,375090.99644502194,284262.4558590976,143742.37312382433,329150.18333644926,542289.0369866063,161676.9660565827,110440.48618441784,1486136.9986544654,0.1570168296591077,0.4558265652459725,0.7735208412461841,20.745352029778665,0.0005646063133006,0.0349329442579941,17.04660375103433,0.711524826085689,0.595527723333826,0.0010025239722929,10.12319287686562,0.0105196934770337,1.5995424137793544,101.4609528512288,0.0106185032241439,2.8211694607047124
93,9,441382,0.1,/sfs/gpfs/tardis/home/aca9pw/VCell_Analysis/3c_run_pyvcell/workspace/ensemble_run93_brcd441382,1.095897740472168,0.1002113518280684,0.0209595971977043,85.95354167420165,0.2142439786682394,0.0764961633731588,9.506899906995879e-08,8.860165651339779,0.0848696439378173,0.2319969560033232,4.735737811136328e-05,1.5028138177781318,59.07327884046722,0.0857707576414155,0.0476123785002685,12.932445818829091,68.64070311266043,0.0926252838023429,0.327803792954988,0.5339948917907592,0.0009798039640681,1.7950083199250662,0.645297681950037,0.0952200298700267,450322.0767727762,357343.6627048203,151246.72574200633,334340.67492118647,459554.7379276766,155647.67335783315,105308.24865625096,1076611.6219763611,0.1713740790920935,0.4841011644949969,0.7939904337887302,20.673291319401425,0.0005631915387136,0.0347142859364261,19.97189064764433,0.6986040480390853,0.4896212889703885,0.0010906824850531,12.335254262432846,0.0095590595639199,1.5517407387738036,84.52006319316511,0.0106989146041672,2.493963888987308
94,9,108917,0.1,/sfs/gpfs/tardis/home/aca9pw/VCell_Analysis/3c_run_pyvcell/workspace/ensemble_run94_brcd108917,1.0734225842729832,0.0914849046510746,0.0190041932867582,91.20274182119933,0.2292756872197338,0.0759767271954166,1.311936162539872e-07,10.484344300198993,0.1176770867442267,0.1986397010484926,5.415410836766989e-05,1.6234929385765815,55.46658878401391,0.0959201800239884,0.0516761925017563,10.369077474115135,79.02458823427773,0.0964066725860863,0.4078822036645668,0.4952438354735843,0.000869620710354,1.950999965823897,0.5037414401678025,0.110467483511275,350241.4923228057,325898.7580084522,154118.51195609733,316267.2425370213,529443.1864595682,138840.53956017137,109635.18084026096,1166065.4976498086,0.1446906702032408,0.4870387545370815,0.7072776271577048,22.85510115145114,0.0006151179898715,0.0284480732235069,17.11181177396347,0.557882606093232,0.4784621195525925,0.0010063133298141,9.972480468537617,0.0099313107514568,1.493230396736234,90.1349065203502,0.0109012654232879,2.4200928995596813
95,9,641016,0.1,/sfs/gpfs/tardis/home/aca9pw/VCell_Analysis/3c_run_pyvcell/workspace/ensemble_run95_brcd641016,1.0147013917301797,0.1062759386741211,0.0213227889348686,75.76793144833093,0.2032574804080913,0.0751742783497783,1.0630899821218105e-07,10.016839950770317,0.1015877101168278,0.2438878706272917,5.893191480995193e-05,1.4230971137094883,61.23758077790273,0.0940437363557732,0.0478723350489205,10.94046947962114,80.22065966018405,0.0941139300145188,0.3459120112563564,0.4617613937561171,0.0009317133287159,1.5714777904872974,0.6452489877562253,0.1174491213981248,435718.5452804433,343805.9509477018,150478.4301462727,316220.989895868,478253.3321678888,143442.48792050034,119845.4183957568,1202254.9827474265,0.1591285052055699,0.3957547617787891,0.7504676902617198,20.72307250949892,0.0006349970734067,0.033312688832206,15.656764198457438,0.5410622402550817,0.515455392581568,0.0010899683136841,11.57376920267964,0.0097764930137708,1.4209729640058484,67.71694962161486,0.0112490676555623,2.4300277092370366
96,9,77459,0.1,/sfs/gpfs/tardis/home/aca9pw/VCell_Analysis/3c_run_pyvcell/workspace/ensemble_run96_brcd77459,1.0409222085895071,0.1008347682264983,0.0188898887735002,73.8684418609924,0.2232260106298097,0.0834606054781001,1.1161975276411997e-07,10.391864503658976,0.1006059040215023,0.212436691987819,4.1839098635389126e-05,1.5086991782893409,46.133932345722656,0.1138108319588508,0.0508911622088048,13.120459292202254,62.54147572274435,0.1279578512773073,0.3766973252157863,0.5676847649243905,0.0009205990542846,1.3921229596130713,0.5566998442744074,0.0964950797167031,432135.1562773633,230812.5880572195,132714.35579189178,335560.63040128845,437399.5015918566,187221.39062053064,104709.73674553302,1174012.179691573,0.1557926125397319,0.4514761941224818,0.6412120235184787,23.58557503345974,0.0005328045072716,0.0450966467570006,20.480449494434,0.6605629124266721,0.4986793708774218,0.0011204993586304,9.206561076812877,0.0109597689734095,1.6645114127041096,78.68173249264885,0.0093821445851747,2.382166761596762
97,9,563014,0.1,/sfs/gpfs/tardis/home/aca9pw/VCell_Analysis/3c_run_pyvcell/workspace/ensemble_run97_brcd563014,1.120587790756664,0.1120739496588338,0.0173413176001084,90.56520536979464,0.2481248983482047,0.0950200234714716,1.0087176420460249e-07,9.8476878213536,0.1069612328535895,0.2371643400572571,5.338021910431588e-05,1.4570533357758797,52.60873252886287,0.1043478944490348,0.0465646465603374,12.112119532828004,79.21180985068051,0.1136501313325077,0.3682940386099445,0.4478051588463757,0.0009677932940658,2.0049676313919225,0.6828296212602729,0.1155158627372649,339348.8784995221,323866.6249845175,154745.00738405195,322759.7798524099,427815.65113657474,151560.83585544178,88284.36622455859,1356485.4522779635,0.1424409438562766,0.4196226741938662,0.6367974809138909,19.05202131021136,0.0007556762075626,0.0392724279574628,16.44697292914874,0.7123709805276377,0.4623756809701312,0.000938506956181,10.629234561625044,0.0096886941135132,1.5322643652315913,77.43072912688413,0.0104882468633825,2.4855551925511987
98,9,624370,0.1,/sfs/gpfs/tardis/home/aca9pw/VCell_Analysis/3c_run_pyvcell/workspace/ensemble_run98_brcd624370,1.0646397940565284,0.0833611114442249,0.0212186814793709,83.56639240334782,0.2298811742418502,0.0910260054940941,1.0870256432015849e-07,8.467116262358566,0.0889966242767084,0.2164816385968536,5.077020518105062e-05,1.941612683083482,53.21603397409931,0.0952130423818993,0.0557206017720539,11.906379089901726,83.60206327301636,0.0987913591451838,0.3849719552303975,0.5069539890928293,0.0009082851481266,2.0126765378024,0.5312330063790865,0.1066780164657165,381038.9928139683,365209.4163545668,155660.49001496198,340839.2620167891,446344.4086805608,145096.02170086233,127653.2513716572,1334656.6891515548,0.194355912053544,0.4741373500666873,0.6054939095745939,19.230780090902066,0.0006082286681561,0.0345290892678967,21.53500972769823,0.6511623484596288,0.5146963588442591,0.0010172009977512,9.694952121628688,0.0096786495985707,1.692404975342812,84.40992021025373,0.0103901642154097,2.1753614539367767
99,9,270259,0.1,/sfs/gpfs/tardis/home/aca9pw/VCell_Analysis/3c_run_pyvcell/workspace/ensemble_run99_brcd270259,1.0515336792378769,0.0855887489175502,0.0200037089291895,77.1061034249439,0.1974916305404719,0.0863639296943529,9.923397399010133e-08,9.76056264816929,0.0862190367515255,0.2502121120567879,4.590496547091486e-05,1.461254426305083,53.8616405925972,0.0784256576737724,0.0525512289644365,11.979918996064594,68.5322869249668,0.1002969583355873,0.3684245851048119,0.4759661422530153,0.0010258015580467,1.9366220989186536,0.6275651355553251,0.092234671701596,347660.7213641484,306306.21015672444,151393.1817082944,366889.6325320265,415774.99669556686,147977.36630334635,123558.08007977072,1391077.9879971324,0.1629004889747987,0.4375958687929588,0.70665312416705,27.9930837086816,0.000687129635086,0.028919575632577,20.77080019105774,0.5645004257935645,0.5320817355045713,0.0010319754203038,12.2212111168318,0.0096866994432395,1.3376904309405149,98.65724996377828,0.0116625780801799,2.4421009002293146
